time,temperature,humidity,moisture,vibration,item_type,item_count,rfid_code,weight,scenario,alert,alert_name
2025-12-16 22:48:00,19.574507122951683,49.5139772332907,998.0017960211832,1.0157035720572591,NORMAL,3,N-3-370,12,NORMAL,0,GREEN
2025-12-16 22:48:01,19.479260354824323,46.15566935164475,993.564755670998,1.009818017558556,NORMAL,3,N-3-120,12,NORMAL,0,GREEN
2025-12-16 22:48:02,19.597153280715105,49.73921184021132,997.9783800242584,1.0078747796992686,NORMAL,3,N-3-314,12,NORMAL,0,GREEN
2025-12-16 22:48:03,19.7284544784612,50.7112757176099,1001.3463842322911,1.0054588568221616,NORMAL,3,N-3-472,12,NORMAL,0,GREEN
2025-12-16 22:48:04,19.4648769937915,48.826869806447405,997.3908805626056,1.004590580971232,NORMAL,3,N-3-869,15,NORMAL,0,GREEN
2025-12-16 22:48:05,19.464879456457624,51.75359162511613,997.3247335296312,1.0052475921709836,NORMAL,2,N-2-291,10,NORMAL,0,GREEN
2025-12-16 22:48:06,19.73688192232611,46.45242160179286,991.384066497546,1.0108013799530344,NORMAL,1,N-1-413,5,NORMAL,0,GREEN
2025-12-16 22:48:07,19.615115209372934,45.51069059337716,991.6967926595923,1.0115261750696898,NORMAL,2,N-2-956,10,NORMAL,0,GREEN
2025-12-16 22:48:08,19.429578842109755,44.44255950219144,985.7791578256024,1.0052564278939036,NORMAL,1,N-1-610,5,NORMAL,0,GREEN
2025-12-16 22:48:09,19.581384006537892,50.992088622978365,1010.9966139454956,1.0126851149422285,NORMAL,2,N-2-799,10,NORMAL,0,GREEN
2025-12-16 22:48:10,19.43048734607813,49.30873131270812,987.0490941168696,1.0085508168449495,NORMAL,3,N-3-786,12,NORMAL,0,GREEN
2025-12-16 22:48:11,19.430140536964466,47.88883065817909,991.4567584176328,1.0104403790359566,NORMAL,2,N-2-666,10,NORMAL,0,GREEN
2025-12-16 22:48:12,19.536294340734905,48.55993725263964,991.2527418754464,1.0148366618847662,NORMAL,1,N-1-918,5,NORMAL,0,GREEN
2025-12-16 22:48:13,19.21300796330133,45.74902190540325,1004.1593950155556,1.012690517947597,NORMAL,3,N-3-266,15,NORMAL,0,GREEN
2025-12-16 22:48:14,19.24126232512305,52.89150395923365,994.6404025736638,1.0091944080562825,FRAGILE,2,F-2-415,4,NORMAL,0,GREEN
2025-12-16 22:48:15,19.41565687061385,48.25844236395046,1006.9819365813898,1.0073264233237542,NORMAL,2,N-2-876,7,NORMAL,0,GREEN
2025-12-16 22:48:16,19.34807533194984,48.21878958920978,991.612075006049,1.0035445537960122,NORMAL,2,N-2-439,10,NORMAL,0,GREEN
2025-12-16 22:48:17,19.54713709988929,49.451533247797386,999.2319532977904,1.0078425400422728,NORMAL,3,N-3-527,12,NORMAL,0,GREEN
2025-12-16 22:48:18,19.36379638867182,48.96201846347343,990.317223573922,1.009366609283517,FRAGILE,1,F-1-134,2,NORMAL,0,GREEN
2025-12-16 22:48:19,19.288154444799705,48.44776804855826,1014.1611930221871,1.0070384614185464,NORMAL,2,N-2-661,10,NORMAL,0,GREEN
2025-12-16 22:48:20,19.71984731533823,46.419051089109374,987.499212647764,1.009606229098723,NORMAL,2,N-2-665,10,NORMAL,0,GREEN
2025-12-16 22:48:21,19.46613355492702,48.942936714272,999.4785656818162,1.0102305556488762,NORMAL,2,N-2-576,7,NORMAL,0,GREEN
2025-12-16 22:48:22,19.51012923070319,51.76404899295007,1002.0702150474568,1.0093254320545757,NORMAL,3,N-3-655,12,NORMAL,0,GREEN
2025-12-16 22:48:23,19.286287772067983,50.69084009230996,1000.310392779612,1.0080499922575297,NORMAL,2,N-2-369,10,NORMAL,0,GREEN
2025-12-16 22:48:24,19.418342591321224,51.1863732532788,995.5176987289784,1.0105059640159002,FRAGILE,3,F-3-555,9,NORMAL,0,GREEN
2025-12-16 22:48:25,19.51663838845648,46.97756864713763,995.9614344021326,1.0113258219487082,NORMAL,2,N-2-801,10,NORMAL,0,GREEN
2025-12-16 22:48:26,19.327350963386653,46.02079035948284,997.3504917758328,1.0067288027676715,NORMAL,1,N-1-437,5,NORMAL,0,GREEN
2025-12-16 22:48:27,19.55635470275185,47.7484261598007,995.823983986972,1.0142327971392389,NORMAL,3,N-3-316,12,NORMAL,0,GREEN
2025-12-16 22:48:28,19.40990419651218,48.11144982457739,1004.7110329343592,1.0097042356031471,NORMAL,1,N-1-114,5,NORMAL,0,GREEN
2025-12-16 22:48:29,19.45624593753101,50.1883830369419,1014.6841840127308,1.0100565488688344,NORMAL,1,N-1-938,5,NORMAL,0,GREEN
2025-12-16 22:48:30,19.40974400816559,44.61507074057036,992.5400657199372,1.0121246432697697,FRAGILE,1,F-1-747,2,NORMAL,0,GREEN
2025-12-16 22:48:31,19.77784172767634,51.05910063892123,986.0415761633674,1.0106996483937905,NORMAL,3,N-3-692,12,NORMAL,0,GREEN
2025-12-16 22:48:32,19.49797541628931,47.68398420284202,996.29374361319,1.0128594099017398,NORMAL,3,N-3-478,12,NORMAL,0,GREEN
2025-12-16 22:48:33,19.341343360656616,47.14623786010516,1017.6376747012346,1.0108613724956057,FRAGILE,1,F-1-140,2,NORMAL,0,GREEN
2025-12-16 22:48:34,19.62338173681548,45.97579124947966,990.570603456242,1.0081626878760788,FRAGILE,3,F-3-879,9,NORMAL,0,GREEN
2025-12-16 22:48:35,19.316873452504343,44.69028665626846,1010.1129344435524,1.0110845105756183,NORMAL,2,N-2-602,10,NORMAL,0,GREEN
2025-12-16 22:48:36,19.531329539250716,49.64634116792383,1010.4216065126116,1.006568821378038,NORMAL,3,N-3-904,12,NORMAL,0,GREEN
2025-12-16 22:48:37,19.206049481418034,48.14663593437681,992.571294066336,1.0103256791173296,NORMAL,3,N-3-825,12,NORMAL,0,GREEN
2025-12-16 22:48:38,19.300772092665238,45.42007820051789,1001.5518646334822,1.0099003100280666,NORMAL,3,N-3-838,12,NORMAL,0,GREEN
2025-12-16 22:48:39,19.52952918538037,45.40984245587277,1010.0271729850284,1.0093756494281825,FRAGILE,1,F-1-742,2,NORMAL,0,GREEN
2025-12-16 22:48:40,19.610769986999312,47.32843060141975,993.9669780721,1.009614387465683,NORMAL,1,N-1-602,5,NORMAL,0,GREEN
2025-12-16 22:48:41,19.525705242178496,51.33804305057878,995.3713571191812,1.004354452863507,NORMAL,3,N-3-894,15,NORMAL,0,GREEN
2025-12-16 22:48:42,19.482652757641763,47.48081729727279,992.3465526884108,1.0083538252767772,NORMAL,1,N-1-957,5,NORMAL,0,GREEN
2025-12-16 22:48:43,19.454834445661607,44.993714093763785,988.8819461544572,1.010278534703423,NORMAL,2,N-2-790,10,NORMAL,0,GREEN
2025-12-16 22:48:44,19.278221701444885,47.508513871828114,991.805779639472,1.0104795691759922,FRAGILE,3,F-3-340,9,NORMAL,0,GREEN
2025-12-16 22:48:45,19.392023368740794,47.454552860504656,987.208477865902,1.0069169745772222,NORMAL,1,N-1-833,5,NORMAL,0,GREEN
2025-12-16 22:48:46,19.43090418435603,42.60622671411686,997.2726677460738,1.0137971235225942,NORMAL,1,N-1-848,5,NORMAL,0,GREEN
2025-12-16 22:48:47,19.65856833393284,47.89141026696438,990.8402141515307,1.0074014754553564,NORMAL,3,N-3-135,12,NORMAL,0,GREEN
2025-12-16 22:48:48,19.55154274343527,47.53813093958264,998.870287294326,1.0129083716015803,NORMAL,1,N-1-798,5,NORMAL,0,GREEN
2025-12-16 22:48:49,19.23554397669559,49.392412729626834,984.552834830371,1.011281583085615,NORMAL,3,N-3-677,15,NORMAL,0,GREEN
2025-12-16 22:48:50,19.54861259540922,51.69791218989069,999.6470418577156,1.0080613180704685,NORMAL,2,N-2-745,7,NORMAL,0,GREEN
2025-12-16 22:48:51,19.442237657937557,50.25313005909551,1003.6682316928714,1.0153259326778286,NORMAL,2,N-2-739,7,NORMAL,0,GREEN
2025-12-16 22:48:52,19.398461699954105,47.46222261889034,981.0501148594284,1.0064190895047305,NORMAL,2,N-2-572,10,NORMAL,0,GREEN
2025-12-16 22:48:53,19.59175144332613,45.78694818251666,999.9924525587804,1.01275746252083,FRAGILE,3,F-3-484,9,NORMAL,0,GREEN
2025-12-16 22:48:54,19.654649928374397,53.14671960649972,1006.8213519397864,1.013001746954129,NORMAL,1,N-1-732,5,NORMAL,0,GREEN
2025-12-16 22:48:55,19.63969201786743,48.11843686802898,987.3228718504704,1.00798813937277,FRAGILE,1,F-1-458,2,NORMAL,0,GREEN
2025-12-16 22:48:56,19.374117371516604,48.02785858382589,1010.3805790947016,1.014177395900193,NORMAL,2,N-2-748,10,NORMAL,0,GREEN
2025-12-16 22:48:57,19.45361814362232,47.95174982577999,1000.3521520749284,1.0092498604562032,NORMAL,2,N-2-918,10,NORMAL,0,GREEN
2025-12-16 22:48:58,19.549689514710536,48.39616952153571,991.3599051539328,1.0108660808878396,NORMAL,2,N-2-926,10,NORMAL,0,GREEN
2025-12-16 22:48:59,19.646331769068357,47.71127917615212,996.5538473787384,1.0107809655163136,NORMAL,2,N-2-571,10,NORMAL,0,GREEN
2025-12-16 22:49:00,19.428123864323208,46.852675986239525,1001.4666153001738,1.0095970737755884,NORMAL,1,N-1-929,5,NORMAL,0,GREEN
2025-12-16 22:49:01,19.472151153500427,46.90628211751922,997.6080431312992,1.0124324248194794,NORMAL,1,N-1-367,5,NORMAL,0,GREEN
2025-12-16 22:49:02,19.33404975389909,47.934493459568,1001.310047939571,1.0123804661616569,NORMAL,2,N-2-486,7,NORMAL,0,GREEN
2025-12-16 22:49:03,19.3205690063879,46.91315045773247,989.634611255365,1.0047544040802854,NORMAL,1,N-1-180,5,NORMAL,0,GREEN
2025-12-16 22:49:04,19.62187887335913,46.57430843464567,998.3548865922886,1.0139130207286344,NORMAL,3,N-3-741,12,NORMAL,0,GREEN
2025-12-16 22:49:05,19.703436004285624,48.21286045538379,985.69028402476,1.005012524035893,NORMAL,2,N-2-835,10,NORMAL,0,GREEN
2025-12-16 22:49:06,19.48919848176295,47.49004556515829,996.1101915092104,1.013097638613025,NORMAL,1,N-1-737,5,NORMAL,0,GREEN
2025-12-16 22:49:07,19.650529934683803,51.007985977165376,989.7687388682816,1.013380115410483,NORMAL,2,N-2-829,10,NORMAL,0,GREEN
2025-12-16 22:49:08,19.554245403757147,42.69806038321398,991.115760459282,1.0067271007093543,NORMAL,2,N-2-935,10,NORMAL,0,GREEN
2025-12-16 22:49:09,19.403232036809232,50.18301370384492,1006.8887454016837,1.0087675571361363,NORMAL,3,N-3-222,12,NORMAL,0,GREEN
2025-12-16 22:49:10,19.55420934082626,50.492170384995255,1005.7304809647542,1.0066828859945425,NORMAL,1,N-1-379,5,NORMAL,0,GREEN
2025-12-16 22:49:11,19.730705484969896,43.8532195351837,1001.8731049672574,1.009355236909134,NORMAL,1,N-1-297,5,NORMAL,0,GREEN
2025-12-16 22:49:12,19.49462609413351,47.3146248118393,988.2614978826192,1.0090758971474427,NORMAL,2,N-2-851,10,NORMAL,0,GREEN
2025-12-16 22:49:13,19.7346965483721,47.25711826800842,994.4687324024416,1.012338981596808,NORMAL,1,N-1-286,5,NORMAL,0,GREEN
2025-12-16 22:49:14,19.10703823438654,45.18497661056436,1006.7047815998336,1.013930926238359,NORMAL,2,N-2-870,7,NORMAL,0,GREEN
2025-12-16 22:49:15,19.623285375656284,46.44436662481825,998.1337353091192,1.01418705143237,NORMAL,3,N-3-445,15,NORMAL,0,GREEN
2025-12-16 22:49:16,19.513057060235727,45.77884830906834,1015.5546363198536,1.008313495920265,NORMAL,3,N-3-247,12,NORMAL,0,GREEN
2025-12-16 22:49:17,19.45514889743012,51.504540886847245,1000.146542715155,1.0093723343787664,NORMAL,3,N-3-739,15,NORMAL,0,GREEN
2025-12-16 22:49:18,19.513764116480324,49.871356786294925,998.5363929319202,1.004949685423337,FRAGILE,3,F-3-740,9,NORMAL,0,GREEN
2025-12-16 22:49:19,19.201864662809864,50.54311018998832,994.52706828638,1.0075823898005114,NORMAL,3,N-3-572,15,NORMAL,0,GREEN
2025-12-16 22:49:20,19.46704921682437,49.44334412808647,998.0683272382582,1.0128945548992925,NORMAL,2,N-2-397,7,NORMAL,0,GREEN
2025-12-16 22:49:21,19.553566885726763,45.741896457565545,995.7802413089556,1.0148467484706447,NORMAL,3,N-3-243,15,NORMAL,0,GREEN
2025-12-16 22:49:22,19.721684106711223,46.950959467440455,1002.6648694135088,1.0062969533843602,FRAGILE,2,F-2-671,4,NORMAL,0,GREEN
2025-12-16 22:49:23,19.422259467258957,48.97874912245584,1004.6536185343568,1.008222607222541,NORMAL,1,N-1-403,5,NORMAL,0,GREEN
2025-12-16 22:49:24,19.378725959566022,45.55574438221611,990.7120843159364,1.0099207827291232,NORMAL,2,N-2-136,7,NORMAL,0,GREEN
2025-12-16 22:49:25,19.42473644346232,49.425996860344775,986.3501363715378,1.0108404834764588,NORMAL,3,N-3-332,15,NORMAL,0,GREEN
2025-12-16 22:49:26,19.63731031765531,47.51934920368373,982.3103570151736,1.007571189440235,NORMAL,3,N-3-307,12,NORMAL,0,GREEN
2025-12-16 22:49:27,19.54931266644895,47.25035838490081,1001.0639306153004,1.0112721831333922,FRAGILE,3,F-3-153,9,NORMAL,0,GREEN
2025-12-16 22:49:28,19.420535969434944,49.42191993640698,988.173067150609,1.0085784819587873,NORMAL,1,N-1-686,5,NORMAL,0,GREEN
2025-12-16 22:49:29,19.576990114967003,48.88852662297208,979.77687525638,1.0099566431873652,NORMAL,1,N-1-521,5,NORMAL,0,GREEN
2025-12-16 22:49:30,19.51456163240221,47.27806766836184,1000.1086288362476,1.011638852744011,NORMAL,2,N-2-609,10,NORMAL,0,GREEN
2025-12-16 22:49:31,19.64529674857993,50.318659606728495,1016.9439961394625,1.0100192668094328,NORMAL,1,N-1-960,5,NORMAL,0,GREEN
2025-12-16 22:49:32,19.3946920359184,45.83787334480021,996.9514327076809,1.0086908423284202,NORMAL,2,N-2-437,10,NORMAL,0,GREEN
2025-12-16 22:49:33,19.450850678010333,49.231871213888525,1003.7079261956133,1.0096711705882224,NORMAL,2,N-2-819,7,NORMAL,0,GREEN
2025-12-16 22:49:34,19.441183777030176,49.18620251593677,997.6546348683804,1.009734911122384,NORMAL,1,N-1-260,5,NORMAL,0,GREEN
2025-12-16 22:49:35,19.28047275778018,47.38090712137202,996.2088827744708,1.0088899669103537,NORMAL,1,N-1-915,5,NORMAL,0,GREEN
2025-12-16 22:49:36,19.544418041559688,48.65226604448424,1004.352611863902,1.0092236118119986,NORMAL,3,N-3-739,12,NORMAL,0,GREEN
2025-12-16 22:49:37,19.539158290826983,45.49777284722939,994.6778036464908,1.0147959415115142,NORMAL,1,N-1-982,5,NORMAL,0,GREEN
2025-12-16 22:49:38,19.50076701849637,49.8480540384138,999.1391385125752,1.0116827583438237,NORMAL,2,N-2-849,10,NORMAL,0,GREEN
2025-12-16 22:49:39,19.46481192999373,47.63019572711402,999.573582449568,1.0091135590459126,FRAGILE,2,F-2-464,4,NORMAL,0,GREEN
2025-12-16 22:49:40,19.28769438869244,46.95455395896192,991.6552763708556,1.012090863213532,FRAGILE,3,F-3-382,9,NORMAL,0,GREEN
2025-12-16 22:49:41,19.4369032015852,50.09801845167378,1004.936338796292,1.008998541530732,NORMAL,3,N-3-897,12,NORMAL,0,GREEN
2025-12-16 22:49:42,19.448592822520983,46.59131261891448,995.6003219464368,1.01351937391276,NORMAL,1,N-1-580,5,NORMAL,0,GREEN
2025-12-16 22:49:43,19.37965840961676,45.18307740727288,990.9540387240572,1.0111089265765942,NORMAL,1,N-1-915,5,NORMAL,0,GREEN
2025-12-16 22:49:44,19.475807143250098,44.8867416529522,1001.2920787485632,1.0096780935679872,NORMAL,3,N-3-291,12,NORMAL,0,GREEN
2025-12-16 22:49:45,19.56060762852218,49.21201990269128,989.8122561456717,1.0113431507774309,NORMAL,1,N-1-271,5,NORMAL,0,GREEN
2025-12-16 22:49:46,19.78292788518158,45.43914129500743,997.2254492589532,1.0052873715437944,FRAGILE,2,F-2-472,4,NORMAL,0,GREEN
2025-12-16 22:49:47,19.526186671924776,51.50958836396873,996.9270480268464,1.0066196975932706,NORMAL,2,N-2-844,10,NORMAL,0,GREEN
2025-12-16 22:49:48,19.538632558608416,43.83614118423256,1005.6871645266526,1.006418224980803,FRAGILE,1,F-1-596,2,NORMAL,0,GREEN
2025-12-16 22:49:49,19.488833112635074,51.39291273658008,1000.7975858630396,1.0104288292842911,FRAGILE,2,F-2-198,4,NORMAL,0,GREEN
2025-12-16 22:49:50,19.212184317705145,48.42203493440524,996.7997843300388,1.0151975449984554,NORMAL,1,N-1-352,5,NORMAL,0,GREEN
2025-12-16 22:49:51,19.496022918682616,47.806573776259214,1003.5421303936024,1.016693900438578,NORMAL,1,N-1-260,5,NORMAL,0,GREEN
2025-12-16 22:49:52,19.509034531491157,46.9101618263821,1008.1216603921386,1.0119141533043223,NORMAL,3,N-3-892,15,NORMAL,0,GREEN
2025-12-16 22:49:53,19.86948631687279,48.79827222870414,1001.462482450815,1.011502533424833,NORMAL,2,N-2-669,7,NORMAL,0,GREEN
2025-12-16 22:49:54,19.47114585528283,47.9247305951503,997.082820958747,1.0045968267975418,NORMAL,3,N-3-891,12,NORMAL,0,GREEN
2025-12-16 22:49:55,19.54523210135004,50.20660376403304,986.5053101411988,1.008371978600798,NORMAL,2,N-2-953,7,NORMAL,0,GREEN
2025-12-16 22:49:56,19.49479323454421,48.22845529732408,988.479090695397,1.0076366487442754,NORMAL,3,N-3-254,15,NORMAL,0,GREEN
2025-12-16 22:49:57,19.32469829435707,48.30060352292376,994.5582023651626,1.0081374572052466,NORMAL,2,N-2-884,7,NORMAL,0,GREEN
2025-12-16 22:49:58,19.67142342217725,47.27277557557229,992.1239023827258,1.0094955685442455,NORMAL,1,N-1-345,5,NORMAL,0,GREEN
2025-12-16 22:49:59,19.61278995490301,47.88610875255787,995.5042295761164,1.0085837282669086,NORMAL,3,N-3-858,15,NORMAL,0,GREEN
2025-12-16 22:50:00,19.618654792056457,48.61560353778412,997.4531993991768,1.0040621005688726,NORMAL,2,N-2-507,7,NORMAL,0,GREEN
2025-12-16 22:50:01,19.36359188178079,44.57966321468675,1001.2375420348538,1.0122437307683525,NORMAL,1,N-1-924,5,NORMAL,0,GREEN
2025-12-16 22:50:02,19.71041914664041,45.30362915578857,996.4360097755272,1.0067817709227806,NORMAL,1,N-1-875,5,NORMAL,0,GREEN
2025-12-16 22:50:03,19.28972234058116,49.48652818804543,1000.8920131506096,1.0107177405923335,NORMAL,2,N-2-982,7,NORMAL,0,GREEN
2025-12-16 22:50:04,19.58802856407004,48.34173087625588,997.515795318481,1.01622224800925,NORMAL,3,N-3-453,15,NORMAL,0,GREEN
2025-12-16 22:50:05,19.828568343871492,47.63203332729464,981.196267469169,1.0072418462252408,NORMAL,2,N-2-953,10,NORMAL,0,GREEN
2025-12-16 22:50:06,19.3514195512304,48.036867866130784,989.48531684945,1.002409137431761,NORMAL,3,N-3-674,12,NORMAL,0,GREEN
2025-12-16 22:50:07,19.415055340559583,48.69516341072334,995.8472995542272,1.0091419873343597,NORMAL,2,N-2-413,10,NORMAL,0,GREEN
2025-12-16 22:50:08,19.514947704763145,46.92048063938128,987.3224420572712,1.0133028789049958,NORMAL,2,N-2-791,10,NORMAL,0,GREEN
2025-12-16 22:50:09,19.42447865188257,46.44339054919538,1001.7994298399695,1.0158750423626617,NORMAL,2,N-2-153,7,NORMAL,0,GREEN
2025-12-16 22:50:10,19.26740048534008,48.39169051019536,1009.2460066587496,1.0063113512166428,NORMAL,3,N-3-363,15,NORMAL,0,GREEN
2025-12-16 22:50:11,19.510284446220904,46.043254444769936,1006.7500948135786,1.0114900976697097,NORMAL,1,N-1-719,5,NORMAL,0,GREEN
2025-12-16 22:50:12,19.340654442941084,48.81650551142894,995.2924570325584,1.0086040686296598,NORMAL,1,N-1-873,5,NORMAL,0,GREEN
2025-12-16 22:50:13,19.57103886459528,44.59483279152432,1008.9258090947995,1.0096821549370876,NORMAL,1,N-1-449,5,NORMAL,0,GREEN
2025-12-16 22:50:14,19.36208636486493,50.05831127465129,998.1893396576168,1.0179330300410512,NORMAL,3,N-3-919,12,NORMAL,0,GREEN
2025-12-16 22:50:15,19.73249016075263,48.94519496482609,994.3033122310557,1.0054910890148143,FRAGILE,1,F-1-205,2,NORMAL,0,GREEN
2025-12-16 22:50:16,19.382512006149565,48.51205946862776,992.0927786916724,1.0107612189844837,NORMAL,2,N-2-219,10,NORMAL,0,GREEN
2025-12-16 22:50:17,19.451690772569147,49.96538196789103,994.580242508095,1.0114030795152964,NORMAL,3,N-3-157,12,NORMAL,0,GREEN
2025-12-16 22:50:18,19.62202758260545,51.33094888892515,993.8945854516702,1.013257358974818,NORMAL,3,N-3-573,15,NORMAL,0,GREEN
2025-12-16 22:50:19,19.315370352534902,50.02874013003626,998.363329779004,1.0102939494604126,NORMAL,1,N-1-226,5,NORMAL,0,GREEN
2025-12-16 22:50:20,19.53411899019062,44.31825153733671,998.2845918483988,1.0109241516185123,NORMAL,1,N-1-740,5,NORMAL,0,GREEN
2025-12-16 22:50:21,19.696071413142363,45.4408460665286,997.0243681612274,1.0088250542977346,NORMAL,2,N-2-850,7,NORMAL,0,GREEN
2025-12-16 22:50:22,19.25887751481581,46.750362844608645,1000.4955053579708,1.0108073808237352,NORMAL,2,N-2-217,10,NORMAL,0,GREEN
2025-12-16 22:50:23,19.527695078779846,48.05218210042167,1006.5251701982908,1.0089704231735075,NORMAL,1,N-1-984,5,NORMAL,0,GREEN
2025-12-16 22:50:24,19.538982419137263,49.03531804093824,1004.5964330835304,1.011864715669568,FRAGILE,1,F-1-803,2,NORMAL,0,GREEN
2025-12-16 22:50:25,19.617273430766595,46.54851237369307,985.1208162524008,1.0088911689918691,NORMAL,3,N-3-960,12,NORMAL,0,GREEN
2025-12-16 22:50:26,19.314457393368286,48.37353352895416,976.5686309207844,1.0111313011817065,NORMAL,3,N-3-253,15,NORMAL,0,GREEN
2025-12-16 22:50:27,19.30193150803736,46.48923413529336,1004.4745592899142,1.0099122115589452,NORMAL,3,N-3-796,12,NORMAL,0,GREEN
2025-12-16 22:50:28,19.57829123484253,46.776964394016105,986.0649704126766,1.0133781507523163,NORMAL,1,N-1-168,5,NORMAL,0,GREEN
2025-12-16 22:50:29,19.544547700984975,45.18667780630356,995.2018767848584,1.0098458188292343,NORMAL,3,N-3-849,15,NORMAL,0,GREEN
2025-12-16 22:50:30,19.53757392755188,46.15353350777819,987.6390957915252,1.0046809025953791,NORMAL,2,N-2-303,7,NORMAL,0,GREEN
2025-12-16 22:50:31,19.551967231424545,45.29663078876733,982.58415649936,1.013785764502142,NORMAL,2,N-2-440,7,NORMAL,0,GREEN
2025-12-16 22:50:32,19.397996291763228,46.04825349404533,1001.3317018256384,1.007282803097412,NORMAL,3,N-3-353,15,NORMAL,0,GREEN
2025-12-16 22:50:33,19.534838054574152,50.10728359321568,1003.0732412824212,1.0080387009840537,NORMAL,2,N-2-861,7,NORMAL,0,GREEN
2025-12-16 22:50:34,19.5439608709948,46.10120222233611,992.3879167941864,1.0082130161178695,FRAGILE,2,F-2-199,4,NORMAL,0,GREEN
2025-12-16 22:50:35,19.392847287296046,53.26476412967478,976.2716616628408,1.0141233142795123,NORMAL,2,N-2-861,10,NORMAL,0,GREEN
2025-12-16 22:50:36,19.779866176671717,48.98663580176178,992.6300444139802,1.003592977358064,NORMAL,3,N-3-868,12,NORMAL,0,GREEN
2025-12-16 22:50:37,19.571074938136768,48.36967224738975,1000.1344320432204,1.01941324560098,NORMAL,1,N-1-115,5,NORMAL,0,GREEN
2025-12-16 22:50:38,19.3213044754196,46.283284439637576,985.168707449807,1.0131681704271982,FRAGILE,3,F-3-995,9,NORMAL,0,GREEN
2025-12-16 22:50:39,19.59848304129508,49.40061975881798,998.4668793582332,1.0106697167423877,NORMAL,3,N-3-789,12,NORMAL,0,GREEN
2025-12-16 22:50:40,19.3537977494659,46.84872434752445,996.877521206616,1.0098353179981512,NORMAL,3,N-3-790,12,NORMAL,0,GREEN
2025-12-16 22:50:41,19.618062690561366,48.244019629290726,1001.6343319968088,1.010856662224573,FRAGILE,3,F-3-934,9,NORMAL,0,GREEN
2025-12-16 22:50:42,19.67378933685111,53.12016907653759,997.9566429473132,1.011563367285138,FRAGILE,1,F-1-941,2,NORMAL,0,GREEN
2025-12-16 22:50:43,19.376897652247244,47.8078802005507,989.2154484729476,1.0119356467578502,NORMAL,3,N-3-496,15,NORMAL,0,GREEN
2025-12-16 22:50:44,19.644506419386648,50.29854665257135,1006.572572013316,1.0116668133980105,NORMAL,3,N-3-352,15,NORMAL,0,GREEN
2025-12-16 22:50:45,19.561917139040474,46.59364714974822,995.7317634157844,1.0102687420437657,NORMAL,3,N-3-826,12,NORMAL,0,GREEN
2025-12-16 22:50:46,19.623309023999173,47.93002301900608,996.7815636839206,1.009407984739078,NORMAL,1,N-1-704,5,NORMAL,0,GREEN
2025-12-16 22:50:47,19.78451894739809,51.54160127127102,989.5338563274144,1.0095461801490395,NORMAL,2,N-2-517,7,NORMAL,0,GREEN
2025-12-16 22:50:48,19.46319178259957,46.74606588442447,993.453741990468,1.009415275158942,NORMAL,3,N-3-295,15,NORMAL,0,GREEN
2025-12-16 22:50:49,19.38693957534637,51.62489711599386,989.9215782877848,1.0134013102906012,NORMAL,2,N-2-592,7,NORMAL,0,GREEN
2025-12-16 22:50:50,19.366572835556173,49.41550387091095,995.6164315206128,1.0117806701668426,FRAGILE,3,F-3-519,9,NORMAL,0,GREEN
2025-12-16 22:50:51,19.377628457255184,46.87506644821146,1010.6936678411388,1.0011788340960073,FRAGILE,1,F-1-860,2,NORMAL,0,GREEN
2025-12-16 22:50:52,19.488434743587884,49.26481547811104,986.0247908565492,1.0119677023295892,NORMAL,2,N-2-291,10,NORMAL,0,GREEN
2025-12-16 22:50:53,19.55117279622249,49.94510889925346,984.091508816986,1.0105842085841563,FRAGILE,3,F-3-647,6,NORMAL,0,GREEN
2025-12-16 22:50:54,19.5415036198995,49.24361992443439,1008.7693626199488,1.0099438737306623,NORMAL,2,N-2-195,10,NORMAL,0,GREEN
2025-12-16 22:50:55,19.624077487355404,44.85955056021909,995.325410582785,1.0088344446407334,FRAGILE,3,F-3-136,9,NORMAL,0,GREEN
2025-12-16 22:50:56,19.501950283781685,46.54572564835026,991.6474180907206,1.013372338159958,NORMAL,1,N-1-378,5,NORMAL,0,GREEN
2025-12-16 22:50:57,19.7180301115736,47.50496272889699,1005.3192374991686,1.012842579386369,NORMAL,1,N-1-897,5,NORMAL,0,GREEN
2025-12-16 22:50:58,19.460301475014308,47.85113314179991,992.1550756821052,1.0076813669965292,NORMAL,1,N-1-695,5,NORMAL,0,GREEN
2025-12-16 22:50:59,19.908025374988444,49.24134419510136,1011.6080777083756,1.0112211568613736,NORMAL,1,N-1-798,5,NORMAL,0,GREEN
2025-12-16 22:51:00,19.59385010216475,48.35540200186651,1002.4234069707142,1.007085029796376,NORMAL,3,N-3-495,15,NORMAL,0,GREEN
2025-12-16 22:51:01,19.37142636653756,45.3293112825798,993.0967087348344,1.0058611455056332,FRAGILE,1,F-1-175,2,NORMAL,0,GREEN
2025-12-16 22:51:02,19.339366125290837,48.76039570201193,1014.258465706124,1.00811984832623,NORMAL,1,N-1-817,5,NORMAL,0,GREEN
2025-12-16 22:51:03,19.57237086228648,49.22117149056765,992.1542806159732,1.0125871804171482,FRAGILE,3,F-3-950,9,NORMAL,0,GREEN
2025-12-16 22:51:04,19.46648058220112,49.11958089586208,1002.9367629760744,1.0128593751361283,NORMAL,2,N-2-984,7,NORMAL,0,GREEN
2025-12-16 22:51:05,19.607100074113813,50.16156145110924,999.394340643252,1.0115392562602918,NORMAL,1,N-1-124,5,NORMAL,0,GREEN
2025-12-16 22:51:06,19.570985643686036,49.66784430909781,1007.4139303151904,1.012175287360544,NORMAL,3,N-3-664,15,NORMAL,0,GREEN
2025-12-16 22:51:07,19.48907566310147,48.91836015845687,1009.4920895738148,1.0115485348613449,NORMAL,3,N-3-138,12,NORMAL,0,GREEN
2025-12-16 22:51:08,19.37298094228974,47.85966857708271,997.2560331925262,1.0080755552143312,FRAGILE,1,F-1-285,2,NORMAL,0,GREEN
2025-12-16 22:51:09,19.27277291629712,44.67807813296802,990.9726570372304,1.0112957676340215,FRAGILE,3,F-3-733,6,NORMAL,0,GREEN
2025-12-16 22:51:10,19.433022757189946,48.85923643826517,1000.679777143513,1.0124012285756832,NORMAL,1,N-1-832,5,NORMAL,0,GREEN
2025-12-16 22:51:11,19.62845981914852,48.415375374326224,991.5782770419833,1.0122628739894408,NORMAL,3,N-3-850,12,NORMAL,0,GREEN
2025-12-16 22:51:12,19.53211406161953,48.54315767439075,1013.107097980213,1.013566740114424,FRAGILE,1,F-1-591,2,NORMAL,0,GREEN
2025-12-16 22:51:13,19.3131391831932,45.44650284835938,998.092282648662,1.0121249115416031,NORMAL,1,N-1-618,5,NORMAL,0,GREEN
2025-12-16 22:51:14,19.52597713887768,45.83788691918348,994.0774275895031,1.0110543446226248,NORMAL,2,N-2-269,7,NORMAL,0,GREEN
2025-12-16 22:51:15,19.557797606959326,50.10630570666581,998.4774424469192,1.0132104507149493,FRAGILE,1,F-1-733,2,NORMAL,0,GREEN
2025-12-16 22:51:16,19.36742138456983,47.92088969228669,986.2229896837624,1.009920436222253,NORMAL,2,N-2-264,10,NORMAL,0,GREEN
2025-12-16 22:51:17,19.52305876589183,49.36300139474525,989.2270876919148,1.0073543760463168,FRAGILE,2,F-2-595,4,NORMAL,0,GREEN
2025-12-16 22:51:18,19.5087313077669,48.05663675226092,1006.6033112635554,1.0095107991081689,NORMAL,1,N-1-599,5,NORMAL,0,GREEN
2025-12-16 22:51:19,19.328554455325406,48.05951227899149,991.7448457682289,1.0077652920655806,FRAGILE,1,F-1-316,2,NORMAL,0,GREEN
2025-12-16 22:51:20,19.55366810405224,49.876567611952,988.6247121385444,1.0079744651750768,FRAGILE,1,F-1-169,2,NORMAL,0,GREEN
2025-12-16 22:51:21,19.584117678955234,46.96791054356525,1001.2932220202184,1.0095664439878536,NORMAL,3,N-3-975,12,NORMAL,0,GREEN
2025-12-16 22:51:22,19.66245768647629,48.19224155388196,1006.485633237304,1.0076227402370002,NORMAL,2,N-2-813,7,NORMAL,0,GREEN
2025-12-16 22:51:23,19.65807030780524,47.07544942258991,1002.7516264853206,1.009076115411083,NORMAL,2,N-2-225,10,NORMAL,0,GREEN
2025-12-16 22:51:24,19.29334959480644,47.13100754513537,1004.9683814864466,1.004319155999139,NORMAL,3,N-3-853,15,NORMAL,0,GREEN
2025-12-16 22:51:25,19.35932624401273,47.38165575306272,990.9456392914444,1.0106398811221189,NORMAL,2,N-2-575,10,NORMAL,0,GREEN
2025-12-16 22:51:26,19.5772552900813,48.44426754326743,985.6255146660652,1.0100036164260866,FRAGILE,1,F-1-100,2,NORMAL,0,GREEN
2025-12-16 22:51:27,19.57706789263683,47.042502756673045,1009.010669215644,1.0075487341067957,NORMAL,3,N-3-289,12,NORMAL,0,GREEN
2025-12-16 22:51:28,19.577257152945908,50.51151225114704,994.4185612892628,1.0119777370052971,NORMAL,1,N-1-468,5,NORMAL,0,GREEN
2025-12-16 22:51:29,20.077909723598207,46.21078539556099,994.9933358683596,1.0128127104128797,FRAGILE,1,F-1-216,2,NORMAL,0,GREEN
2025-12-16 22:51:30,19.58563357660397,47.62625671167728,1007.6255531347924,1.005177320406893,NORMAL,2,N-2-784,7,NORMAL,0,GREEN
2025-12-16 22:51:31,19.67033484602709,47.12053788345165,1001.4498400752052,1.0077118256643014,NORMAL,1,N-1-248,5,NORMAL,0,GREEN
2025-12-16 22:51:32,19.64310026452398,50.89395576870746,1000.6471021766528,1.007692572950638,NORMAL,2,N-2-863,7,NORMAL,0,GREEN
2025-12-16 22:51:33,19.59770868769587,48.39310955302315,1014.3200187592088,1.0071802906966734,NORMAL,1,N-1-758,5,NORMAL,0,GREEN
2025-12-16 22:51:34,19.45270961330395,50.06368907893727,991.8518541569588,1.0124884245257952,NORMAL,1,N-1-332,5,NORMAL,0,GREEN
2025-12-16 22:51:35,19.61384538307399,45.02887925392606,1004.42272102465,1.0094185215836815,NORMAL,1,N-1-514,5,NORMAL,0,GREEN
2025-12-16 22:51:36,19.384076217819363,48.53410053173852,997.4561049991768,1.0092064554760682,NORMAL,1,N-1-985,5,NORMAL,0,GREEN
2025-12-16 22:51:37,19.464477208989,49.77926159124687,999.148738230906,1.0039884129067798,FRAGILE,3,F-3-111,9,NORMAL,0,GREEN
2025-12-16 22:51:38,19.427195467825637,48.16456797855085,1009.2277474113002,1.0119062540906276,FRAGILE,2,F-2-457,4,NORMAL,0,GREEN
2025-12-16 22:51:39,19.51228112090795,50.130960750130704,1001.062686050317,1.0062822248154395,NORMAL,1,N-1-447,5,NORMAL,0,GREEN
2025-12-16 22:51:40,19.847198785001027,46.96542309979925,1001.306368632397,1.010179797890799,NORMAL,2,N-2-415,10,NORMAL,0,GREEN
2025-12-16 22:51:41,19.21991022111124,50.81869488037116,1005.5800586984784,1.0108321308138746,NORMAL,2,N-2-968,10,NORMAL,0,GREEN
2025-12-16 22:51:42,19.60293902855617,52.5977962472385,994.080378163657,1.014081975787516,NORMAL,1,N-1-601,5,NORMAL,0,GREEN
2025-12-16 22:51:43,19.258092619321552,47.27432287912068,990.286322661288,1.0060735388026427,NORMAL,3,N-3-823,12,NORMAL,0,GREEN
2025-12-16 22:51:44,19.429210220131583,47.108994957198455,988.6415264478318,1.0009414635325375,NORMAL,1,N-1-657,5,NORMAL,0,GREEN
2025-12-16 22:51:45,19.663342589545103,50.9067689542354,981.269147284992,1.010551548634261,NORMAL,3,N-3-693,12,NORMAL,0,GREEN
2025-12-16 22:51:46,19.50964200286432,51.15914429146142,1013.4496570395224,1.0154015335445326,NORMAL,3,N-3-914,12,NORMAL,0,GREEN
2025-12-16 22:51:47,19.338338283310605,46.954279945693465,988.1743330742264,1.0137168390588185,NORMAL,1,N-1-923,5,NORMAL,0,GREEN
2025-12-16 22:51:48,19.39270444361101,47.159626365808286,995.229971011314,1.010628978245824,NORMAL,2,N-2-976,7,NORMAL,0,GREEN
2025-12-16 22:51:49,19.6019396623402,47.43643078227898,994.7854936008888,1.008525091443104,NORMAL,1,N-1-900,5,NORMAL,0,GREEN
2025-12-16 22:51:50,19.39044500524243,45.31109897793144,999.4592535824728,1.012421367789912,NORMAL,2,N-2-323,7,NORMAL,0,GREEN
2025-12-16 22:51:51,19.532468788437296,46.16269610703161,1003.5258977003144,1.0070793614008866,NORMAL,3,N-3-952,15,NORMAL,0,GREEN
2025-12-16 22:51:52,19.50683577598557,45.99171846649586,1003.883787906878,1.0114290733080686,NORMAL,2,N-2-953,10,NORMAL,0,GREEN
2025-12-16 22:51:53,19.40225994785913,46.46440486979174,992.3353804914484,1.0115164104774998,NORMAL,3,N-3-560,12,NORMAL,0,GREEN
2025-12-16 22:51:54,19.8215916133988,47.93063022522644,995.6630262897088,1.0131806297224966,NORMAL,1,N-1-198,5,NORMAL,0,GREEN
2025-12-16 22:51:55,19.595087853347703,48.46842946507304,999.2606396039064,1.0182789801167331,NORMAL,3,N-3-922,15,NORMAL,0,GREEN
2025-12-16 22:51:56,19.19622861200136,51.10100098562816,995.0104709905316,1.0111772479015364,NORMAL,2,N-2-808,7,NORMAL,0,GREEN
2025-12-16 22:51:57,19.52796814721541,46.00329191852242,1009.85876460816,1.0084731091228776,NORMAL,3,N-3-870,12,NORMAL,0,GREEN
2025-12-16 22:51:58,19.400732030284743,49.96864479695317,1000.927799613106,1.009923277063424,NORMAL,1,N-1-664,5,NORMAL,0,GREEN
2025-12-16 22:51:59,19.627865000219437,47.57202231154898,1002.8790222883986,1.0046927722853327,FRAGILE,1,F-1-182,2,NORMAL,0,GREEN
2025-12-16 22:52:00,19.381121889235096,47.901072580695136,1002.3030501493394,1.0079158606067329,NORMAL,1,N-1-556,5,NORMAL,0,GREEN
2025-12-16 22:52:01,19.482789533779965,49.34963898433321,1006.3877908598826,1.0087721526856608,NORMAL,2,N-2-784,10,NORMAL,0,GREEN
2025-12-16 22:52:02,19.575748091847068,45.7545559568754,998.4481724696296,1.0084277348061963,NORMAL,1,N-1-548,5,NORMAL,0,GREEN
2025-12-16 22:52:03,19.62986327912552,48.764819492368105,986.6253444163532,1.010457064616101,FRAGILE,1,F-1-133,2,NORMAL,0,GREEN
2025-12-16 22:52:04,19.319955538941635,48.33290441642611,1000.1975036140212,1.007532740202853,NORMAL,3,N-3-253,15,NORMAL,0,GREEN
2025-12-16 22:52:05,19.44982481462386,48.9849025280163,991.7891448496654,1.0133630920019734,NORMAL,2,N-2-217,10,NORMAL,0,GREEN
2025-12-16 22:52:06,19.428758203325856,48.57833728781564,992.771066546002,1.0100006211947543,NORMAL,3,N-3-367,12,NORMAL,0,GREEN
2025-12-16 22:52:07,19.402000615113945,52.910600279821786,1001.6909121500408,1.009972099036584,NORMAL,1,N-1-488,5,NORMAL,0,GREEN
2025-12-16 22:52:08,19.76481813604217,46.72452003149737,1006.9062645714693,1.0090163158504613,NORMAL,2,N-2-924,7,NORMAL,0,GREEN
2025-12-16 22:52:09,19.56074725664414,46.93800608999637,997.1701726138884,1.010465572051577,NORMAL,1,N-1-402,5,NORMAL,0,GREEN
2025-12-16 22:52:10,19.310867406849745,46.75371894715048,999.4706641007916,1.012475294794003,NORMAL,3,N-3-952,12,NORMAL,0,GREEN
2025-12-16 22:52:11,19.637679292058216,46.88904576167949,1010.617719557082,1.0073986093528673,NORMAL,2,N-2-534,7,NORMAL,0,GREEN
2025-12-16 22:52:12,19.818323429551896,46.725225745386965,998.9260254359084,1.0080256505327745,NORMAL,3,N-3-863,15,NORMAL,0,GREEN
2025-12-16 22:52:13,19.65486978908267,50.3780330622151,1017.8134649134432,1.00908882191367,NORMAL,2,N-2-197,10,NORMAL,0,GREEN
2025-12-16 22:52:14,19.2720945051069,50.84100849597971,1001.5240771650524,1.0059623872295804,NORMAL,2,N-2-958,10,NORMAL,0,GREEN
2025-12-16 22:52:15,19.427364889070063,46.85850741250105,982.9138979267534,1.0075422264208356,FRAGILE,3,F-3-407,9,NORMAL,0,GREEN
2025-12-16 22:52:16,19.690036672377992,46.33528885379154,1003.0267329688364,1.008571337379366,NORMAL,1,N-1-434,5,NORMAL,0,GREEN
2025-12-16 22:52:17,19.393849580157184,48.94283111277281,1000.0492670790622,1.0126231675421382,NORMAL,2,N-2-662,7,NORMAL,0,GREEN
2025-12-16 22:52:18,19.566572914221933,46.89555391143806,1007.318022032662,1.0107876839870058,FRAGILE,1,F-1-237,2,NORMAL,0,GREEN
2025-12-16 22:52:19,19.6161951080144,49.26586363551103,1002.3854508101596,1.0105807697341027,NORMAL,1,N-1-607,5,NORMAL,0,GREEN
2025-12-16 22:52:20,19.360960429263287,48.4058460417026,995.8923521281298,1.012552693886504,FRAGILE,1,F-1-152,2,NORMAL,0,GREEN
2025-12-16 22:52:21,19.49107119659073,44.968511770005534,987.205614109685,1.009587884634802,NORMAL,2,N-2-846,10,NORMAL,0,GREEN
2025-12-16 22:52:22,19.01380989898964,51.09501040266012,995.3278139417118,1.0111713945497869,NORMAL,3,N-3-982,15,NORMAL,0,GREEN
2025-12-16 22:52:23,19.346341853799856,51.59175534619104,990.1958363663256,1.0096903347412025,NORMAL,3,N-3-282,15,NORMAL,0,GREEN
2025-12-16 22:52:24,19.462114777291028,46.77442261903123,992.3558124015622,1.010796087048199,NORMAL,3,N-3-619,15,NORMAL,0,GREEN
2025-12-16 22:52:25,19.31283252270527,47.22459688012803,1001.7086272353648,1.0082517240271651,FRAGILE,1,F-1-294,2,NORMAL,0,GREEN
2025-12-16 22:52:26,19.744861695589744,48.57173078144981,1010.3592360348111,1.0026835485251708,NORMAL,3,N-3-160,12,NORMAL,0,GREEN
2025-12-16 22:52:27,19.285478793305906,48.66891357997405,1000.157372238584,1.009597162513441,NORMAL,2,N-2-888,10,NORMAL,0,GREEN
2025-12-16 22:52:28,19.43399332699545,49.31708854534566,987.4329355037186,1.0142682444082998,NORMAL,1,N-1-781,5,NORMAL,0,GREEN
2025-12-16 22:52:29,19.519611086592917,52.0204090775327,1000.5568213457613,1.0127786462067248,NORMAL,1,N-1-937,5,NORMAL,0,GREEN
2025-12-16 22:52:30,19.71619099335992,47.6461055450119,1006.5730518931653,1.0128961924537736,NORMAL,1,N-1-623,5,NORMAL,0,GREEN
2025-12-16 22:52:31,19.284620677323083,46.40340551092309,992.1217367654448,1.0137083921654186,NORMAL,2,N-2-177,7,NORMAL,0,GREEN
2025-12-16 22:52:32,19.67447456282324,45.24136154397095,995.9278626666166,1.0102659727728842,NORMAL,2,N-2-172,7,NORMAL,0,GREEN
2025-12-16 22:52:33,19.501534959152934,46.53813992011616,997.1175055578336,1.010591947122217,NORMAL,2,N-2-220,7,NORMAL,0,GREEN
2025-12-16 22:52:34,19.35277370234281,47.9337460542524,990.720813495342,1.008147044313697,NORMAL,2,N-2-449,10,NORMAL,0,GREEN
2025-12-16 22:52:35,19.56931552113949,51.589115727035576,1002.1862434707508,1.0090517814319189,FRAGILE,3,F-3-672,9,NORMAL,0,GREEN
2025-12-16 22:52:36,19.52985895433602,46.964777401927655,996.0324148111378,1.0118473134493131,NORMAL,1,N-1-356,5,NORMAL,0,GREEN
2025-12-16 22:52:37,19.40996746842618,48.447575903277794,1000.3562595512562,1.0136116533115065,NORMAL,1,N-1-791,5,NORMAL,0,GREEN
2025-12-16 22:52:38,19.510470312748502,47.9671542078545,989.9000625775832,1.0095816611729571,NORMAL,3,N-3-155,12,NORMAL,0,GREEN
2025-12-16 22:52:39,19.442202960470738,50.37678654689617,993.5003335974128,1.0086494322054458,NORMAL,2,N-2-127,10,NORMAL,0,GREEN
2025-12-16 22:52:40,19.51702760178769,53.05386485174724,1002.7790508626222,1.01000158387657,NORMAL,3,N-3-485,12,NORMAL,0,GREEN
2025-12-16 22:52:41,19.59931960117816,46.93826245415936,994.0173347832658,1.0118036202467873,NORMAL,1,N-1-798,5,NORMAL,0,GREEN
2025-12-16 22:52:42,19.7379025224218,47.02112111496356,1010.8157108098673,1.0056684355515997,NORMAL,3,N-3-722,12,NORMAL,0,GREEN
2025-12-16 22:52:43,19.31432767517597,50.08832175413814,993.8029105150832,1.0031114571405884,NORMAL,3,N-3-850,12,NORMAL,0,GREEN
2025-12-16 22:52:44,19.81995500619844,49.36378297925263,998.7974778060152,1.0083483894515253,FRAGILE,1,F-1-905,2,NORMAL,0,GREEN
2025-12-16 22:52:45,19.207186830071624,51.69341465147207,1004.4607266549848,1.0063378627222574,NORMAL,3,N-3-291,15,NORMAL,0,GREEN
2025-12-16 22:52:46,19.477232235744665,49.167856370651926,985.6530741365358,1.008475579407058,NORMAL,1,N-1-127,5,NORMAL,0,GREEN
2025-12-16 22:52:47,19.588247580972688,47.28141581842589,982.9135295041538,1.0095566590435476,NORMAL,2,N-2-372,7,NORMAL,0,GREEN
2025-12-16 22:52:48,19.54214878016025,49.18130966138462,984.7947494834392,1.008640254772931,NORMAL,3,N-3-225,15,NORMAL,0,GREEN
2025-12-16 22:52:49,19.40659507202691,50.217407161165816,1007.1006728274176,1.0143574026034123,FRAGILE,1,F-1-311,2,NORMAL,0,GREEN
2025-12-16 22:52:50,19.468781662446407,49.640964362394726,992.5851348328604,1.010980234293807,NORMAL,1,N-1-166,5,NORMAL,0,GREEN
2025-12-16 22:52:51,19.42604985980117,49.014548062214594,1017.465594285346,1.0109014230788325,NORMAL,1,N-1-210,5,NORMAL,0,GREEN
2025-12-16 22:52:52,19.41159528645837,50.13334937917831,992.4860192107408,1.01186662143213,NORMAL,3,N-3-722,12,NORMAL,0,GREEN
2025-12-16 22:52:53,19.627440314553155,50.33859118089134,998.4764104255764,1.0065835006466577,NORMAL,1,N-1-653,5,NORMAL,0,GREEN
2025-12-16 22:52:54,19.55355232289476,50.764317982075056,1009.336879620543,1.013117335362261,NORMAL,1,N-1-791,5,NORMAL,0,GREEN
2025-12-16 22:52:55,19.396063560710903,49.297419775179286,1013.0487431052728,1.0097727071403937,NORMAL,2,N-2-542,7,NORMAL,0,GREEN
2025-12-16 22:52:56,19.634939981314982,47.66576383936629,1013.4920286130912,1.0120114418517236,FRAGILE,3,F-3-840,6,NORMAL,0,GREEN
2025-12-16 22:52:57,19.54609492813149,48.293427372866645,1006.6669298447453,1.0067844283008796,NORMAL,1,N-1-761,5,NORMAL,0,GREEN
2025-12-16 22:52:58,19.621929317825845,50.41301793301671,1005.1925002064916,1.0053387237019518,NORMAL,1,N-1-602,5,NORMAL,0,GREEN
2025-12-16 22:52:59,19.594444326288546,46.36612865802553,1001.7402155936096,1.012453668974075,NORMAL,2,N-2-929,10,NORMAL,0,GREEN
2025-12-16 22:53:00,19.37565074836169,48.7373466177458,1003.2268886093332,1.0111292285782925,NORMAL,2,N-2-922,10,NORMAL,0,GREEN
2025-12-16 22:53:01,19.41597284397045,47.21332237534528,992.5905142693716,1.0072938453369276,NORMAL,1,N-1-342,5,NORMAL,0,GREEN
2025-12-16 22:53:02,19.61209404076849,48.05748964586964,990.4544089326216,1.007391010756176,NORMAL,3,N-3-647,15,NORMAL,0,GREEN
2025-12-16 22:53:03,19.59155553981502,50.5569037252146,996.9730043407124,1.0133763043532442,FRAGILE,3,F-3-567,9,NORMAL,0,GREEN
2025-12-16 22:53:04,19.49686476090538,48.38219813603981,995.6385230198006,1.006431764321398,FRAGILE,3,F-3-745,9,NORMAL,0,GREEN
2025-12-16 22:53:05,19.51759910749632,48.092873096312296,993.3741756053818,1.0149280188597678,NORMAL,2,N-2-603,10,NORMAL,0,GREEN
2025-12-16 22:53:06,19.691649734368266,45.28028771804016,1002.5710995796536,1.0072981377960564,NORMAL,2,N-2-540,7,NORMAL,0,GREEN
2025-12-16 22:53:07,19.411264291674627,49.49250713205444,1004.642441668564,1.0119151757768252,NORMAL,2,N-2-491,10,NORMAL,0,GREEN
2025-12-16 22:53:08,19.582064607175507,49.29096836228215,997.7072550903348,1.009014144572753,NORMAL,2,N-2-399,10,NORMAL,0,GREEN
2025-12-16 22:53:09,19.46967110213492,52.32650944661092,1008.820240648442,1.011809562293247,NORMAL,1,N-1-217,5,NORMAL,0,GREEN
2025-12-16 22:53:10,19.46734781951592,47.384443530094,987.866487086932,1.0083676579936574,NORMAL,3,N-3-631,15,NORMAL,0,GREEN
2025-12-16 22:53:11,19.66481652779808,48.43830065532788,995.4507243257624,1.0095116212817832,NORMAL,1,N-1-100,5,NORMAL,0,GREEN
2025-12-16 22:53:12,19.623812452348204,48.49876736742151,991.2654214351776,1.010122757526187,NORMAL,2,N-2-649,7,NORMAL,0,GREEN
2025-12-16 22:53:13,19.622026445400092,51.15490655952695,982.0677070634156,1.0069934376326557,NORMAL,1,N-1-610,5,NORMAL,0,GREEN
2025-12-16 22:53:14,19.69582182107315,47.809408935226095,996.3385545132584,1.0122224730362603,NORMAL,1,N-1-772,5,NORMAL,0,GREEN
2025-12-16 22:53:15,19.503150576244916,48.55804305154068,996.0260199329338,1.0084603593005852,NORMAL,2,N-2-109,10,NORMAL,0,GREEN
2025-12-16 22:53:16,19.602292945694245,49.21579301943308,1009.1075979459372,1.00931420025398,NORMAL,1,N-1-271,5,NORMAL,0,GREEN
2025-12-16 22:53:17,19.453459986510985,48.37321824631272,1002.0464934764382,1.0070169518761745,NORMAL,2,N-2-741,10,NORMAL,0,GREEN
2025-12-16 22:53:18,19.548624952873265,47.10713277089894,988.8065054053664,1.002312999023614,NORMAL,1,N-1-428,5,NORMAL,0,GREEN
2025-12-16 22:53:19,19.48047854184485,48.38817998579662,1011.8327405306736,1.0094269167121994,NORMAL,1,N-1-649,5,NORMAL,0,GREEN
2025-12-16 22:53:20,19.514549394748908,50.14726349971954,1006.7682695642028,1.0172378462648388,NORMAL,3,N-3-194,12,NORMAL,0,GREEN
2025-12-16 22:53:21,19.589273553815534,45.94696940117788,1001.656781627749,1.0123538128636942,FRAGILE,1,F-1-335,2,NORMAL,0,GREEN
2025-12-16 22:53:22,19.37726689751498,48.26593934829375,995.1881272092012,1.0099422188607967,NORMAL,2,N-2-475,10,NORMAL,0,GREEN
2025-12-16 22:53:23,19.81385809135282,46.599758370121656,989.324486106212,1.0092113275123753,FRAGILE,3,F-3-687,9,NORMAL,0,GREEN
2025-12-16 22:53:24,19.349097392775043,50.390093257849685,994.0223457914316,1.0100673976784362,NORMAL,3,N-3-395,15,NORMAL,0,GREEN
2025-12-16 22:53:25,19.31787170808184,44.95362619043245,1005.7099889576336,1.0116413573455256,NORMAL,2,N-2-448,10,NORMAL,0,GREEN
2025-12-16 22:53:26,19.67371663102501,46.88215630545682,1012.0766904474768,1.0064575615540734,NORMAL,3,N-3-369,12,NORMAL,0,GREEN
2025-12-16 22:53:27,19.61874940409444,48.75442375012904,1009.3459482261776,1.013342965084007,NORMAL,2,N-2-264,7,NORMAL,0,GREEN
2025-12-16 22:53:28,19.593617972557823,51.13104805846868,993.0892046257098,1.0121461439463235,NORMAL,1,N-1-177,5,NORMAL,0,GREEN
2025-12-16 22:53:29,19.59425182638964,47.86849947785402,988.043060533688,1.0121545571771238,NORMAL,2,N-2-700,7,NORMAL,0,GREEN
2025-12-16 22:53:30,19.49816298407296,46.889600946613605,998.1270899752896,1.011315427216429,NORMAL,1,N-1-501,5,NORMAL,0,GREEN
2025-12-16 22:53:31,19.365411844277126,51.76231413888118,982.8524850754972,1.010058849973082,NORMAL,3,N-3-899,12,NORMAL,0,GREEN
2025-12-16 22:53:32,19.51137068372906,45.10397219916752,999.5853417134782,1.0120185837079003,NORMAL,3,N-3-964,12,NORMAL,0,GREEN
2025-12-16 22:53:33,19.398425743273183,43.60238808675984,995.8191793096106,1.0117754424012242,NORMAL,3,N-3-764,12,NORMAL,0,GREEN
2025-12-16 22:53:34,19.64626796001266,48.880028900106666,993.271707985054,1.008937877867177,FRAGILE,1,F-1-602,2,NORMAL,0,GREEN
2025-12-16 22:53:35,19.47794139277468,46.995891551294775,984.2423754618655,1.0082791946813092,NORMAL,2,N-2-715,10,NORMAL,0,GREEN
2025-12-16 22:53:36,19.37617542048112,45.957534365738574,1001.1088008525576,1.010305568885786,NORMAL,3,N-3-297,12,NORMAL,0,GREEN
2025-12-16 22:53:37,19.45179212375205,49.4167128945987,992.7383932827048,1.0146470604544855,NORMAL,2,N-2-278,10,NORMAL,0,GREEN
2025-12-16 22:53:38,19.561939718141343,48.4876014275424,987.6406653143176,1.0062826787730383,NORMAL,2,N-2-114,10,NORMAL,0,GREEN
2025-12-16 22:53:39,19.4154413170794,46.87184273852655,974.0219022937468,1.0055974242027428,NORMAL,3,N-3-577,12,NORMAL,0,GREEN
2025-12-16 22:53:40,19.37666694066504,45.43939120265821,996.7798807595948,1.0104942825237095,NORMAL,3,N-3-256,12,NORMAL,0,GREEN
2025-12-16 22:53:41,19.53655308172379,49.74491465656029,1011.178012773358,1.0101526631055682,NORMAL,2,N-2-510,7,NORMAL,0,GREEN
2025-12-16 22:53:42,19.53674498566631,49.30040235591732,1010.290073716383,1.0105200249931112,NORMAL,3,N-3-295,15,NORMAL,0,GREEN
2025-12-16 22:53:43,19.42395852369433,47.801648272441234,993.34322994731,1.0107318595937256,NORMAL,2,N-2-616,7,NORMAL,0,GREEN
2025-12-16 22:53:44,19.42934425415725,51.69327399209533,992.1823035171058,1.0093303932360955,NORMAL,3,N-3-217,12,NORMAL,0,GREEN
2025-12-16 22:53:45,19.534807490603644,45.85983046734769,1000.7501940486002,1.0144695903158063,NORMAL,2,N-2-914,10,NORMAL,0,GREEN
2025-12-16 22:53:46,19.2827873487754,44.948949658150525,989.0129164864936,1.0051972880645703,NORMAL,1,N-1-795,5,NORMAL,0,GREEN
2025-12-16 22:53:47,19.28888043384352,46.61618386023751,999.4143351985556,1.0075145089256592,NORMAL,3,N-3-360,12,NORMAL,0,GREEN
2025-12-16 22:53:48,19.392233366812132,47.90882796728901,1003.1286422270776,1.009690235719553,NORMAL,1,N-1-943,5,NORMAL,0,GREEN
2025-12-16 22:53:49,19.467982927243224,48.48667889864539,1006.8154657910744,1.0050704335665377,NORMAL,1,N-1-194,5,NORMAL,0,GREEN
2025-12-16 22:53:50,19.5466361348397,47.51752788428734,996.1987673881604,1.0094724367867038,NORMAL,3,N-3-391,12,NORMAL,0,GREEN
2025-12-16 22:53:51,19.721303432542435,48.70411079302859,995.3706099985844,1.014984410497184,NORMAL,2,N-2-168,10,NORMAL,0,GREEN
2025-12-16 22:53:52,19.628648943480304,45.49692115161911,989.9761393059476,1.0100626594648878,FRAGILE,3,F-3-971,9,NORMAL,0,GREEN
2025-12-16 22:53:53,19.476009220505485,50.88752920814652,990.3849571676813,1.010692102717156,NORMAL,2,N-2-122,10,NORMAL,0,GREEN
2025-12-16 22:53:54,19.4971475688146,47.835697643214864,995.1881688647878,1.0062195057044825,NORMAL,3,N-3-462,15,NORMAL,0,GREEN
2025-12-16 22:53:55,19.34962059530433,50.23459166317625,999.9389240545296,1.0081509157758817,NORMAL,2,N-2-309,7,NORMAL,0,GREEN
2025-12-16 22:53:56,19.49722302960114,48.68545069275541,1004.308677009866,1.0088744108590282,NORMAL,1,N-1-715,5,NORMAL,0,GREEN
2025-12-16 22:53:57,19.45670120416198,48.91350643830757,990.5745683945572,1.009046854709731,FRAGILE,3,F-3-455,9,NORMAL,0,GREEN
2025-12-16 22:53:58,19.548407784050717,49.139534560464405,1008.9415085516762,1.0138449313850113,FRAGILE,1,F-1-939,2,NORMAL,0,GREEN
2025-12-16 22:53:59,19.37591535846715,48.89541712003463,994.8310111916594,1.0116730731821757,NORMAL,3,N-3-703,15,NORMAL,0,GREEN
2025-12-16 22:54:00,19.57790197713617,49.285445519735084,996.8290616452124,1.0066656261291889,NORMAL,3,N-3-150,12,NORMAL,0,GREEN
2025-12-16 22:54:01,19.72991083695039,50.65830506026487,991.0223065668174,1.010739514335296,NORMAL,1,N-1-396,5,NORMAL,0,GREEN
2025-12-16 22:54:02,19.483685977731472,48.39304233940294,977.6060779178164,1.0114946652454904,NORMAL,2,N-2-868,7,NORMAL,0,GREEN
2025-12-16 22:54:03,19.560256758314843,49.418007515177024,1004.0723631708884,1.013420447115564,NORMAL,2,N-2-445,10,NORMAL,0,GREEN
2025-12-16 22:54:04,19.603521598756668,47.82052861142554,1002.8947511767394,1.0147416220597052,NORMAL,2,N-2-924,10,NORMAL,0,GREEN
2025-12-16 22:54:05,19.439816929217123,50.88023443089895,994.7493795430544,1.0069547174245164,FRAGILE,1,F-1-666,2,NORMAL,0,GREEN
2025-12-16 22:54:06,19.53361387227156,46.64721539588146,997.535925737799,1.007567427466369,NORMAL,3,N-3-760,12,NORMAL,0,GREEN
2025-12-16 22:54:07,19.50188886011727,51.601880865821634,1001.1275137416328,1.006227266423256,NORMAL,3,N-3-236,15,NORMAL,0,GREEN
2025-12-16 22:54:08,19.514651414782325,47.91968409871132,984.4996331449076,1.0092979404226792,NORMAL,2,N-2-216,7,NORMAL,0,GREEN
2025-12-16 22:54:09,19.38404853242168,45.138449795763904,992.7675785812296,1.011399075123339,NORMAL,2,N-2-674,10,NORMAL,0,GREEN
2025-12-16 22:54:10,19.503676526138843,48.25620882982158,1003.3541174369748,1.0129620035497673,FRAGILE,1,F-1-905,2,NORMAL,0,GREEN
2025-12-16 22:54:11,19.574699743686818,46.63789668505024,986.965684614646,1.0097721469290724,NORMAL,2,N-2-574,10,NORMAL,0,GREEN
2025-12-16 22:54:12,19.717671541169256,49.681287097977446,999.3484634573332,1.0090404574302354,NORMAL,2,N-2-739,7,NORMAL,0,GREEN
2025-12-16 22:54:13,19.64389062391278,46.69475204139522,986.1473455630128,1.0104552739767465,NORMAL,3,N-3-862,15,NORMAL,0,GREEN
2025-12-16 22:54:14,19.82297736862673,47.10763313357044,1000.7314398594682,1.00749457129511,NORMAL,3,N-3-124,15,NORMAL,0,GREEN
2025-12-16 22:54:15,19.384897865566792,44.22091853810894,996.7148681416202,1.0162686161650842,NORMAL,3,N-3-600,15,NORMAL,0,GREEN
2025-12-16 22:54:16,19.630848095508103,47.09538736150185,984.078945472756,1.0051770169186458,NORMAL,1,N-1-162,5,NORMAL,0,GREEN
2025-12-16 22:54:17,19.527501300860752,43.15224134674209,1006.3179148356572,1.0105542217366872,NORMAL,3,N-3-255,12,NORMAL,0,GREEN
2025-12-16 22:54:18,19.82847043998265,44.83219435302856,991.1232673856156,1.016070818657689,NORMAL,2,N-2-948,7,NORMAL,0,GREEN
2025-12-16 22:54:19,19.37875525719673,49.5208293122886,990.5179805038848,1.01002039953368,NORMAL,1,N-1-729,5,NORMAL,0,GREEN
2025-12-16 22:54:20,19.374041723672885,49.57160031730167,998.6045535778476,1.0094298828949957,NORMAL,2,N-2-800,10,NORMAL,0,GREEN
2025-12-16 22:54:21,19.4100911031834,48.850915123569926,1006.1890987954296,1.0089276637315687,NORMAL,1,N-1-835,5,NORMAL,0,GREEN
2025-12-16 22:54:22,19.181415641353528,46.066047713741575,988.8734254481728,1.0094588249547127,NORMAL,1,N-1-534,5,NORMAL,0,GREEN
2025-12-16 22:54:23,19.421136746747887,47.90457728771604,997.4934387987838,1.0141185454240296,NORMAL,3,N-3-417,12,NORMAL,0,GREEN
2025-12-16 22:54:24,19.386130100766945,47.99279492181886,1000.4305320026446,1.0033644142660114,NORMAL,2,N-2-528,10,NORMAL,0,GREEN
2025-12-16 22:54:25,19.522559067971432,45.68327062161492,1002.5448448581052,1.0146003011038889,NORMAL,1,N-1-523,5,NORMAL,0,GREEN
2025-12-16 22:54:26,19.551263396366576,51.0067966035343,998.4115324422178,1.0057281285426496,NORMAL,3,N-3-689,15,NORMAL,0,GREEN
2025-12-16 22:54:27,19.781425625882385,49.75472458115134,994.0637772873334,1.0092000430122967,NORMAL,3,N-3-293,12,NORMAL,0,GREEN
2025-12-16 22:54:28,19.64256357572791,47.55807165234067,990.3792782348104,1.008712266739104,NORMAL,2,N-2-213,10,NORMAL,0,GREEN
2025-12-16 22:54:29,19.41346445165064,48.05377167798906,997.689151064371,1.011765659809312,NORMAL,2,N-2-930,10,NORMAL,0,GREEN
2025-12-16 22:54:30,19.365237799297745,48.4167656158951,988.4228879041152,1.0052056269443488,NORMAL,1,N-1-154,5,NORMAL,0,GREEN
2025-12-16 22:54:31,19.573787875725976,43.916530263151415,973.6291961320431,1.0113865179982455,NORMAL,3,N-3-877,12,NORMAL,0,GREEN
2025-12-16 22:54:32,19.301965018946905,47.505645234958806,1000.4924784332612,1.016072928869861,NORMAL,2,N-2-261,7,NORMAL,0,GREEN
2025-12-16 22:54:33,19.774718814878156,46.6360315040044,1004.2314787286896,1.0059104779862216,NORMAL,1,N-1-575,5,NORMAL,0,GREEN
2025-12-16 22:54:34,19.676916018108194,45.99675998021017,978.0965405156652,1.0105691185028312,NORMAL,2,N-2-107,7,NORMAL,0,GREEN
2025-12-16 22:54:35,19.429623652184294,47.43779941422809,988.9221543623204,1.0080140534666102,NORMAL,1,N-1-934,5,NORMAL,0,GREEN
2025-12-16 22:54:36,19.24302982063637,51.59537305369904,1001.9532340880417,1.011277661618579,NORMAL,3,N-3-427,12,NORMAL,0,GREEN
2025-12-16 22:54:37,19.703080856124814,49.28168572253402,1013.4599637576936,1.0100574433322471,NORMAL,2,N-2-328,10,NORMAL,0,GREEN
2025-12-16 22:54:38,19.48281902321211,46.857642020434405,997.1663496614032,1.008075539272867,FRAGILE,3,F-3-703,9,NORMAL,0,GREEN
2025-12-16 22:54:39,19.68567244679602,49.14516556271232,991.1759764701668,1.0114636168546132,NORMAL,3,N-3-902,12,NORMAL,0,GREEN
2025-12-16 22:54:40,19.260835851180843,50.798710873172006,995.5368284711612,1.0154130443293603,NORMAL,2,N-2-913,7,NORMAL,0,GREEN
2025-12-16 22:54:41,19.41009374655693,49.84926736582554,1007.9990113531854,1.009427288624818,FRAGILE,3,F-3-599,9,NORMAL,0,GREEN
2025-12-16 22:54:42,19.500786554957728,48.11926073984035,991.8322865670036,1.0121592738264449,NORMAL,1,N-1-834,5,NORMAL,0,GREEN
2025-12-16 22:54:43,19.507047089064717,46.70612644458885,990.606463946798,1.0061201811263865,FRAGILE,3,F-3-106,9,NORMAL,0,GREEN
2025-12-16 22:54:44,19.432490179278112,49.39644662722718,993.1380518225436,1.007130690869546,NORMAL,2,N-2-250,10,NORMAL,0,GREEN
2025-12-16 22:54:45,19.593427489852125,48.786970770843496,989.3733711339304,1.0114172188336412,NORMAL,1,N-1-480,5,NORMAL,0,GREEN
2025-12-16 22:54:46,19.33985693559261,49.79038644005546,997.9813625279584,1.0144523480856078,NORMAL,3,N-3-799,12,NORMAL,0,GREEN
2025-12-16 22:54:47,19.478643077246804,49.27034360336394,1009.9974276677564,1.011066840046357,NORMAL,2,N-2-914,7,NORMAL,0,GREEN
2025-12-16 22:54:48,19.518044344756785,50.09910543063867,999.5846341849282,1.0090608259084306,NORMAL,1,N-1-845,5,NORMAL,0,GREEN
2025-12-16 22:54:49,19.57716582510881,46.92952957687886,994.9811719829896,1.00999787421627,NORMAL,3,N-3-570,15,NORMAL,0,GREEN
2025-12-16 22:54:50,19.606742231713334,50.63478813126865,994.6655098486756,1.0062487767980908,NORMAL,3,N-3-360,15,NORMAL,0,GREEN
2025-12-16 22:54:51,19.33130368622432,48.3951992093848,984.4944735304268,1.011813545979066,NORMAL,1,N-1-833,5,NORMAL,0,GREEN
2025-12-16 22:54:52,19.26988287438966,52.15052174525053,1004.0648782171772,1.0126469991869702,NORMAL,1,N-1-966,5,NORMAL,0,GREEN
2025-12-16 22:54:53,19.691651523284776,46.621624363820864,996.3773024238976,1.008643729001501,NORMAL,2,N-2-379,7,NORMAL,0,GREEN
2025-12-16 22:54:54,19.54984710179694,51.471927606330496,995.556160691275,1.0085898735567216,FRAGILE,1,F-1-731,2,NORMAL,0,GREEN
2025-12-16 22:54:55,19.38772701951652,48.39582156692529,1022.5448605427588,1.0107976346889562,FRAGILE,3,F-3-227,9,NORMAL,0,GREEN
2025-12-16 22:54:56,19.73267279632838,46.6971639927711,999.3900232669256,1.0086898407918783,NORMAL,1,N-1-308,5,NORMAL,0,GREEN
2025-12-16 22:54:57,19.517351195143927,47.03222833189135,990.9856715992386,1.0098016021561225,NORMAL,2,N-2-336,7,NORMAL,0,GREEN
2025-12-16 22:54:58,19.676894577609573,47.35930538361136,993.5891392303556,1.0162991653674995,NORMAL,1,N-1-857,5,NORMAL,0,GREEN
2025-12-16 22:54:59,19.510127772211515,48.84833189280384,1006.187565673574,1.009258922897762,NORMAL,2,N-2-103,7,NORMAL,0,GREEN
2025-12-16 22:55:00,19.8091121887323,49.045670976071,997.906163284302,1.0089249795439363,NORMAL,2,N-2-208,10,NORMAL,0,GREEN
2025-12-16 22:55:01,19.76330112636648,46.85259999212284,985.493776173461,1.0080573745830943,NORMAL,2,N-2-174,10,NORMAL,0,GREEN
2025-12-16 22:55:02,19.46265537772814,47.95129081547803,1004.3538314766016,1.0122325759145,NORMAL,2,N-2-952,7,NORMAL,0,GREEN
2025-12-16 22:55:03,19.645735642643157,52.28454071722373,991.654847315688,1.0094563274803456,NORMAL,2,N-2-133,7,NORMAL,0,GREEN
2025-12-16 22:55:04,19.59680639243777,51.45508634020143,1011.9863822097404,1.0080518808850358,NORMAL,1,N-1-477,5,NORMAL,0,GREEN
2025-12-16 22:55:05,19.70529473362985,48.87264733934806,1005.6403845257172,1.0139639120968191,NORMAL,3,N-3-441,15,NORMAL,0,GREEN
2025-12-16 22:55:06,19.355261480912983,48.0760069563364,993.42142483473,1.014258809013541,NORMAL,1,N-1-386,5,NORMAL,0,GREEN
2025-12-16 22:55:07,19.602907718999766,48.24006265343653,1007.2481308938808,1.008198729302784,NORMAL,2,N-2-709,7,NORMAL,0,GREEN
2025-12-16 22:55:08,19.65876367302744,49.227035945460834,997.5428440842192,1.0044003801459185,NORMAL,1,N-1-554,5,NORMAL,0,GREEN
2025-12-16 22:55:09,19.23618907703653,45.95441486960319,1003.8221894009778,1.0130225410695108,NORMAL,2,N-2-575,7,NORMAL,0,GREEN
2025-12-16 22:55:10,19.322511223100133,47.48524692515331,1000.8778625383558,1.00794611052272,NORMAL,2,N-2-675,10,NORMAL,0,GREEN
2025-12-16 22:55:11,19.194115173335984,44.66283185224482,990.229146760073,1.0123718767974883,NORMAL,2,N-2-462,10,NORMAL,0,GREEN
2025-12-16 22:55:12,19.45958897483332,48.79844624521056,991.8516013414604,1.0040896885468644,NORMAL,1,N-1-391,5,NORMAL,0,GREEN
2025-12-16 22:55:13,19.607631338369394,49.29439187940548,1005.2396865406492,1.012677792014898,NORMAL,3,N-3-248,15,NORMAL,0,GREEN
2025-12-16 22:55:14,19.725353557814405,47.03362707540125,994.3217973431476,1.0063664842121576,NORMAL,3,N-3-611,15,NORMAL,0,GREEN
2025-12-16 22:55:15,19.511114217062968,51.14797352658007,993.770812294064,1.0121922923571995,NORMAL,1,N-1-843,5,NORMAL,0,GREEN
2025-12-16 22:55:16,19.74429233183569,45.54846867399532,989.3590193652052,1.0100428192035094,FRAGILE,3,F-3-154,9,NORMAL,0,GREEN
2025-12-16 22:55:17,19.29298478126777,45.07125023958036,1000.3887925247476,1.00713818174181,FRAGILE,3,F-3-505,9,NORMAL,0,GREEN
2025-12-16 22:55:18,19.244492634096726,48.44890363711995,1013.5001993539452,1.0087788910612197,NORMAL,1,N-1-861,5,NORMAL,0,GREEN
2025-12-16 22:55:19,19.49166784516551,50.09419660522431,988.4597366859658,1.01205895537087,NORMAL,3,N-3-838,15,NORMAL,0,GREEN
2025-12-16 22:55:20,19.557609817340897,51.367855382915735,997.193755653382,1.0103176833593457,FRAGILE,3,F-3-606,9,NORMAL,0,GREEN
2025-12-16 22:55:21,19.495095787785885,47.08223147426212,1008.2977644433234,1.0117532389414174,NORMAL,1,N-1-300,5,NORMAL,0,GREEN
2025-12-16 22:55:22,19.18988368499402,50.15736166686259,996.3628688700344,1.0159293217535466,NORMAL,2,N-2-172,10,NORMAL,0,GREEN
2025-12-16 22:55:23,19.486631994073083,47.92298306099858,1000.618974369998,1.0053072751648668,NORMAL,1,N-1-740,5,NORMAL,0,GREEN
2025-12-16 22:55:24,19.30432957492427,47.65474540011836,988.5008517748248,1.014851637724906,NORMAL,1,N-1-715,5,NORMAL,0,GREEN
2025-12-16 22:55:25,19.600450882324505,49.76731987497335,1000.4264567776612,1.0103130678125696,NORMAL,2,N-2-902,10,NORMAL,0,GREEN
2025-12-16 22:55:26,19.55498973691453,49.30464575682684,995.5028458799636,1.0073036478550306,NORMAL,3,N-3-207,15,NORMAL,0,GREEN
2025-12-16 22:55:27,19.359018032050898,44.847215686031504,1004.8858399654388,1.006009059122783,NORMAL,3,N-3-965,15,NORMAL,0,GREEN
2025-12-16 22:55:28,19.422919962399497,50.95308069945179,1006.499088412518,1.0094326388276689,NORMAL,3,N-3-916,15,NORMAL,0,GREEN
2025-12-16 22:55:29,19.341117971716656,50.760182708294906,1017.7165091361488,1.0127649503357734,FRAGILE,1,F-1-668,2,NORMAL,0,GREEN
2025-12-16 22:55:30,19.490598135409023,46.74887459698094,1001.6370653857086,1.0096173526388674,NORMAL,3,N-3-111,12,NORMAL,0,GREEN
2025-12-16 22:55:31,19.643271348075185,48.79160706687482,999.6063705326574,1.014533464790742,FRAGILE,2,F-2-438,4,NORMAL,0,GREEN
2025-12-16 22:55:32,19.352141093049667,48.98806037256548,998.5550744126186,1.005646472929845,NORMAL,3,N-3-826,12,NORMAL,0,GREEN
2025-12-16 22:55:33,19.57560697732768,48.52134753164781,994.1746696575144,1.009963733156462,NORMAL,1,N-1-809,5,NORMAL,0,GREEN
2025-12-16 22:55:34,19.42046135724413,46.89938969230916,999.7078707476936,1.0062428196667603,FRAGILE,1,F-1-367,2,NORMAL,0,GREEN
2025-12-16 22:55:35,19.38106907516065,46.6567532641239,994.6367887188876,1.011090895647875,NORMAL,3,N-3-588,12,NORMAL,0,GREEN
2025-12-16 22:55:36,19.483945446006818,47.94889185801711,998.3476878101568,1.0126606621702918,NORMAL,1,N-1-387,5,NORMAL,0,GREEN
2025-12-16 22:55:37,19.344713651637093,50.34545803851873,1007.5407802848636,1.008737714618957,NORMAL,2,N-2-500,7,NORMAL,0,GREEN
2025-12-16 22:55:38,19.416952604197924,49.08720030918887,988.9476594777628,1.0021873584301186,NORMAL,3,N-3-185,12,NORMAL,0,GREEN
2025-12-16 22:55:39,19.320318316111678,47.25877133582779,1006.1190284890324,1.0105968444403894,NORMAL,2,N-2-434,10,NORMAL,0,GREEN
2025-12-16 22:55:40,19.794708769937458,49.54339742129669,1007.536920538719,1.0113102156552003,NORMAL,1,N-1-982,5,NORMAL,0,GREEN
2025-12-16 22:55:41,19.50528953279576,42.302914758739846,996.0554517840714,1.011212884264885,NORMAL,2,N-2-576,10,NORMAL,0,GREEN
2025-12-16 22:55:42,19.39504117380111,50.297531400744205,980.0251608079312,1.0137073465754665,NORMAL,2,N-2-471,7,NORMAL,0,GREEN
2025-12-16 22:55:43,19.53209698661013,44.5205724424438,992.1374241032444,1.0067868389610528,NORMAL,3,N-3-542,12,NORMAL,0,GREEN
2025-12-16 22:55:44,19.483150792546372,47.275118117193735,1007.3759563724888,1.012040648316351,NORMAL,2,N-2-625,7,NORMAL,0,GREEN
2025-12-16 22:55:45,19.46685456007001,45.76066021074772,996.8170555016088,1.013577522537434,NORMAL,3,N-3-719,15,NORMAL,0,GREEN
2025-12-16 22:55:46,19.592125005006515,45.410637048558186,989.0055821416408,1.0046642372479804,NORMAL,1,N-1-904,5,NORMAL,0,GREEN
2025-12-16 22:55:47,19.61362615650709,50.32165357475704,992.9618006301744,1.010958955477757,NORMAL,3,N-3-282,15,NORMAL,0,GREEN
2025-12-16 22:55:48,19.420424827858422,47.06459759737622,1003.7249602120364,1.008487460506977,NORMAL,3,N-3-626,15,NORMAL,0,GREEN
2025-12-16 22:55:49,19.413627263903297,48.69300776346143,1001.373868545611,1.0097554319806952,NORMAL,1,N-1-496,5,NORMAL,0,GREEN
2025-12-16 22:55:50,19.458742245427253,47.90615884224163,995.0885432066424,1.011043029450615,NORMAL,2,N-2-592,10,NORMAL,0,GREEN
2025-12-16 22:55:51,19.154711825289663,48.95408165444624,994.0654047054824,1.0085383143076594,NORMAL,2,N-2-549,7,NORMAL,0,GREEN
2025-12-16 22:55:52,19.272721340670216,48.15364378212051,993.8659348076494,1.0079728757625153,NORMAL,3,N-3-645,12,NORMAL,0,GREEN
2025-12-16 22:55:53,19.70503114011668,45.43401555162286,989.620718524012,1.0101024572524642,NORMAL,2,N-2-880,10,NORMAL,0,GREEN
2025-12-16 22:55:54,19.74674515702519,49.99253363889428,1009.9230055157556,1.0067382621834116,NORMAL,1,N-1-707,5,NORMAL,0,GREEN
2025-12-16 22:55:55,19.462644594066543,47.01248683367737,994.4214362463092,1.0067425246133443,NORMAL,3,N-3-913,15,NORMAL,0,GREEN
2025-12-16 22:55:56,19.586483544458364,44.8868362026805,1006.737268166604,1.0120381198488697,FRAGILE,1,F-1-576,2,NORMAL,0,GREEN
2025-12-16 22:55:57,19.54668752318153,47.143769678068175,1009.1705284153796,1.006553617894524,NORMAL,2,N-2-796,10,NORMAL,0,GREEN
2025-12-16 22:55:58,19.961832121268287,51.001519581268624,1004.9864871851836,1.0119989375027276,NORMAL,3,N-3-458,15,NORMAL,0,GREEN
2025-12-16 22:55:59,19.667936236715185,49.70044348422699,993.5470374982556,1.011387773878562,NORMAL,1,N-1-788,5,NORMAL,0,GREEN
2025-12-16 22:56:00,19.480812361277884,47.30269573118428,1000.2298407226928,1.0048225798136283,NORMAL,3,N-3-475,12,NORMAL,0,GREEN
2025-12-16 22:56:01,19.356668933909937,47.30148459136314,996.8064351488728,1.007967306042993,NORMAL,2,N-2-245,7,NORMAL,0,GREEN
2025-12-16 22:56:02,19.259033051961364,47.35672989756524,989.770385114159,1.013582328209142,NORMAL,2,N-2-531,7,NORMAL,0,GREEN
2025-12-16 22:56:03,19.530519545380084,52.153495967121685,999.5948742537728,1.007056503406581,FRAGILE,1,F-1-684,2,NORMAL,0,GREEN
2025-12-16 22:56:04,19.386547388207354,48.763870904463104,987.5676816707216,1.008606787213072,NORMAL,3,N-3-443,15,NORMAL,0,GREEN
2025-12-16 22:56:05,19.28666194356035,48.860083294382136,1006.5014351076924,1.0113861826797557,FRAGILE,3,F-3-160,9,NORMAL,0,GREEN
2025-12-16 22:56:06,19.40301406736362,50.06056690806368,993.2830616216128,1.0123501715278478,NORMAL,1,N-1-809,5,NORMAL,0,GREEN
2025-12-16 22:56:07,19.33776779945784,48.47757831805303,998.6092772469829,1.0092453833418664,FRAGILE,3,F-3-401,9,NORMAL,0,GREEN
2025-12-16 22:56:08,19.753071245260884,47.48191570835859,999.2663029723692,1.008207469415925,FRAGILE,3,F-3-325,9,NORMAL,0,GREEN
2025-12-16 22:56:09,19.632245963542417,47.60730030183005,994.9287602103674,1.0142671095850957,NORMAL,1,N-1-871,5,NORMAL,0,GREEN
2025-12-16 22:56:10,19.498804103802502,47.856797481171874,1001.6935504118022,1.0152166989913929,NORMAL,3,N-3-960,15,NORMAL,0,GREEN
2025-12-16 22:56:11,19.721991620833503,47.92555552698032,993.2007707470198,1.0129365741523455,NORMAL,3,N-3-342,15,NORMAL,0,GREEN
2025-12-16 22:56:12,19.51160524614714,49.45525908727396,1003.970378379658,1.010255954427695,NORMAL,1,N-1-206,5,NORMAL,0,GREEN
2025-12-16 22:56:13,19.37080736980076,48.1038917716146,986.232162558026,1.0075752028350773,NORMAL,2,N-2-852,10,NORMAL,0,GREEN
2025-12-16 22:56:14,19.728468611590447,49.46528015443116,998.0110366363712,1.0075086667803304,NORMAL,2,N-2-873,7,NORMAL,0,GREEN
2025-12-16 22:56:15,19.5808365065527,47.83856683978284,1012.5114319924664,1.0115675423157973,NORMAL,1,N-1-146,5,NORMAL,0,GREEN
2025-12-16 22:56:16,19.34441307685103,48.15727038063218,988.9973494031556,1.011255194662666,FRAGILE,3,F-3-198,9,NORMAL,0,GREEN
2025-12-16 22:56:17,19.47144919828746,44.00359863093578,991.5780402358012,1.0142047957788394,NORMAL,2,N-2-990,10,NORMAL,0,GREEN
2025-12-16 22:56:18,19.368657261992286,49.832655349404966,1001.1112627972714,1.0119513502776083,NORMAL,2,N-2-949,10,NORMAL,0,GREEN
2025-12-16 22:56:19,19.29258004035535,48.692976951795984,998.4366542555168,1.0054907590947206,FRAGILE,2,F-2-102,4,NORMAL,0,GREEN
2025-12-16 22:56:20,19.638926632129746,49.996020219719306,999.8050407941884,1.0131558428531688,NORMAL,3,N-3-219,15,NORMAL,0,GREEN
2025-12-16 22:56:21,19.78641249607052,42.20748924361262,1000.9134970411814,1.0070058181180568,NORMAL,1,N-1-428,5,NORMAL,0,GREEN
2025-12-16 22:56:22,19.29021486392713,52.17674940956145,1002.077771748494,1.008848086184143,NORMAL,2,N-2-366,7,NORMAL,0,GREEN
2025-12-16 22:56:23,19.584445385503585,47.72082074368965,1005.8775987356498,1.010750600618755,NORMAL,1,N-1-734,5,NORMAL,0,GREEN
2025-12-16 22:56:24,19.402403614631726,50.21636563347504,1000.278549255428,1.0159870024693518,FRAGILE,1,F-1-837,2,NORMAL,0,GREEN
2025-12-16 22:56:25,19.42693119243529,45.92018814574894,995.0699387630516,1.019329755668016,NORMAL,2,N-2-139,7,NORMAL,0,GREEN
2025-12-16 22:56:26,19.41114091136417,49.22554781012514,1002.380589609622,1.0118201691774085,NORMAL,1,N-1-325,5,NORMAL,0,GREEN
2025-12-16 22:56:27,19.37040138454803,45.89316887365269,1012.1990554791618,1.0094504101438388,NORMAL,3,N-3-350,15,NORMAL,0,GREEN
2025-12-16 22:56:28,19.507278244191724,46.75246207860839,995.9389300289396,1.0116035169454416,NORMAL,1,N-1-553,5,NORMAL,0,GREEN
2025-12-16 22:56:29,19.375357482538345,51.82806270773357,989.2037655626348,1.0126629662776214,NORMAL,1,N-1-895,5,NORMAL,0,GREEN
2025-12-16 22:56:30,19.540568523866977,47.61863519847331,1005.8566453542958,1.0090379971233283,FRAGILE,1,F-1-213,2,NORMAL,0,GREEN
2025-12-16 22:56:31,19.49246428358263,48.43486574635945,996.0369506883712,1.015385634067737,NORMAL,1,N-1-448,5,NORMAL,0,GREEN
2025-12-16 22:56:32,19.46415779297004,49.74013546137751,979.6186436318876,1.0106902122775745,NORMAL,3,N-3-667,12,NORMAL,0,GREEN
2025-12-16 22:56:33,19.36386545069376,48.99136377594521,1003.7793734172034,1.0114932292672745,NORMAL,2,N-2-848,10,NORMAL,0,GREEN
2025-12-16 22:56:34,19.41348430041475,48.30083781028716,992.7173745123686,1.011997772756163,FRAGILE,1,F-1-246,2,NORMAL,0,GREEN
2025-12-16 22:56:35,19.613308683873864,48.72992200493245,996.2757337415668,1.0112647598318434,NORMAL,1,N-1-915,5,NORMAL,0,GREEN
2025-12-16 22:56:36,19.575137578143657,52.80683117047655,999.655842644552,1.0125168215014089,NORMAL,1,N-1-656,5,NORMAL,0,GREEN
2025-12-16 22:56:37,19.353366713280217,47.88476240593283,998.5239974382324,1.0081482404403592,FRAGILE,1,F-1-455,2,NORMAL,0,GREEN
2025-12-16 22:56:38,19.514899845814384,48.40219809342994,1002.6756145371124,1.008325094738162,NORMAL,3,N-3-799,12,NORMAL,0,GREEN
2025-12-16 22:56:39,19.612708068505768,50.10130879201522,993.5161090354412,1.006699537301085,FRAGILE,3,F-3-656,9,NORMAL,0,GREEN
2025-12-16 22:56:40,19.249589207831797,50.21105186591597,1001.1048463854088,1.0113185036918606,NORMAL,2,N-2-130,10,NORMAL,0,GREEN
2025-12-16 22:56:41,19.58150402885699,50.37406061112076,994.9236265793288,1.0123368095105365,NORMAL,3,N-3-771,15,NORMAL,0,GREEN
2025-12-16 22:56:42,19.400606436158125,49.27746044405837,1002.9104838471,1.0113733185984557,NORMAL,3,N-3-650,15,NORMAL,0,GREEN
2025-12-16 22:56:43,19.58558980028897,45.71399017453904,1001.9229398721044,1.0150234773000426,NORMAL,3,N-3-357,15,NORMAL,0,GREEN
2025-12-16 22:56:44,19.385511126518622,51.26686306460219,989.5164903836431,1.0099832119435128,NORMAL,2,N-2-623,7,NORMAL,0,GREEN
2025-12-16 22:56:45,19.22926768490032,45.707309213962624,1005.6878569294004,1.0120062249667776,NORMAL,3,N-3-624,15,NORMAL,0,GREEN
2025-12-16 22:56:46,19.25586863431753,48.60527093047806,992.7122924390876,1.006724897371582,NORMAL,2,N-2-332,10,NORMAL,0,GREEN
2025-12-16 22:56:47,19.507212741999208,46.49144829996128,1003.4644623862492,1.0088387008925768,NORMAL,1,N-1-965,5,NORMAL,0,GREEN
2025-12-16 22:56:48,19.538958375258225,47.87172330681401,999.9382985072108,1.012086613272697,FRAGILE,1,F-1-425,2,NORMAL,0,GREEN
2025-12-16 22:56:49,19.36435250623434,48.65752482060696,1011.705469414361,1.0125473063322294,NORMAL,3,N-3-685,12,NORMAL,0,GREEN
2025-12-16 22:56:50,19.595788868816605,48.64271443090055,995.2122721410252,1.0091180991570077,FRAGILE,1,F-1-930,2,NORMAL,0,GREEN
2025-12-16 22:56:51,19.250771990659658,48.84384150847057,994.2054656310544,1.0097852022444258,FRAGILE,3,F-3-377,9,NORMAL,0,GREEN
2025-12-16 22:56:52,19.4900880302029,51.227422538117295,996.844643152898,1.0054463787599577,FRAGILE,2,F-2-291,4,NORMAL,0,GREEN
2025-12-16 22:56:53,19.31834757003563,48.90706860302796,994.5745617373258,1.0089289123975802,FRAGILE,1,F-1-500,2,NORMAL,0,GREEN
2025-12-16 22:56:54,19.402224583829675,47.51168672941871,1003.3995352155364,1.0126711494905594,NORMAL,2,N-2-121,10,NORMAL,0,GREEN
2025-12-16 22:56:55,19.507109800697464,49.92817433657672,984.0695151325071,1.0117256150483198,NORMAL,2,N-2-309,10,NORMAL,0,GREEN
2025-12-16 22:56:56,19.37093799520741,50.37894097784928,988.5705406468292,1.0115019971641437,FRAGILE,2,F-2-786,4,NORMAL,0,GREEN
2025-12-16 22:56:57,19.442316668365525,45.54478436972602,988.4575766273664,1.0101493210615429,NORMAL,1,N-1-862,5,NORMAL,0,GREEN
2025-12-16 22:56:58,19.650943921382165,49.19480013969972,1004.6024607357886,1.0100211894758846,NORMAL,3,N-3-559,12,NORMAL,0,GREEN
2025-12-16 22:56:59,19.41346621957153,49.4023454846218,1010.6849069806556,1.0080190365815798,NORMAL,3,N-3-132,15,NORMAL,0,GREEN
2025-12-16 22:57:00,19.62535381680977,47.404872993280016,996.1644062517004,1.0120964852606076,NORMAL,2,N-2-558,10,NORMAL,0,GREEN
2025-12-16 22:57:01,19.33054397180136,50.75141362662324,995.64942621448,1.011262918833168,NORMAL,2,N-2-581,10,NORMAL,0,GREEN
2025-12-16 22:57:02,19.579470626687293,47.69988882593495,997.5604173049054,1.0114760565439784,NORMAL,2,N-2-615,10,NORMAL,0,GREEN
2025-12-16 22:57:03,19.716235293098684,48.25115290694309,1006.2950264208656,1.0084218954719972,NORMAL,1,N-1-588,5,NORMAL,0,GREEN
2025-12-16 22:57:04,19.12925332498091,47.65385635143226,989.5811749264756,1.0035399712403863,NORMAL,3,N-3-896,12,NORMAL,0,GREEN
2025-12-16 22:57:05,19.380465711679427,48.03115809516294,998.9069518618784,1.013291458135261,NORMAL,1,N-1-899,5,NORMAL,0,GREEN
2025-12-16 22:57:06,19.58656081907708,45.8074498262096,1004.8015810382594,1.008563487631975,NORMAL,2,N-2-183,7,NORMAL,0,GREEN
2025-12-16 22:57:07,19.46954319209355,45.11989823481141,1001.0087533595188,1.0074116727078706,NORMAL,2,N-2-806,10,NORMAL,0,GREEN
2025-12-16 22:57:08,19.555671881005697,51.18901012644994,998.51665293279,1.012080436735742,FRAGILE,1,F-1-539,2,NORMAL,0,GREEN
2025-12-16 22:57:09,19.409402221992625,46.30607730336335,1005.0083687405372,1.0088239620802426,FRAGILE,1,F-1-968,2,NORMAL,0,GREEN
2025-12-16 22:57:10,19.51298846812093,46.01721530108738,975.374141656006,1.0131798091521398,FRAGILE,3,F-3-758,9,NORMAL,0,GREEN
2025-12-16 22:57:11,19.476648414691187,43.693219772792574,1002.4230025562472,1.01185101784873,NORMAL,1,N-1-606,5,NORMAL,0,GREEN
2025-12-16 22:57:12,19.67516730924897,46.72207650462099,991.7673945349806,1.0120507079696015,NORMAL,1,N-1-626,5,NORMAL,0,GREEN
2025-12-16 22:57:13,19.53816312649518,45.353820413185005,982.3549368251485,1.0059021328663984,NORMAL,2,N-2-931,10,NORMAL,0,GREEN
2025-12-16 22:57:14,19.55064039931128,51.28403032027274,1001.0896207961998,1.0136358319561591,NORMAL,1,N-1-623,5,NORMAL,0,GREEN
2025-12-16 22:57:15,19.43821845508163,50.01963417868527,1007.9892683613036,1.0107837515937017,NORMAL,2,N-2-307,7,NORMAL,0,GREEN
2025-12-16 22:57:16,19.426859066389127,46.62369930964455,995.9004118829783,1.0088921685822614,FRAGILE,3,F-3-529,9,NORMAL,0,GREEN
2025-12-16 22:57:17,19.435116271827056,52.50487161068862,1004.6229963776236,1.010430165402027,FRAGILE,1,F-1-408,2,NORMAL,0,GREEN
2025-12-16 22:57:18,19.559167821356745,49.96353097398319,1009.8982260639092,1.004671294301305,NORMAL,3,N-3-661,12,NORMAL,0,GREEN
2025-12-16 22:57:19,19.43685232787696,47.35033723298275,1007.5193156286724,1.011225958434442,NORMAL,3,N-3-792,12,NORMAL,0,GREEN
2025-12-16 22:57:20,19.543466228534463,43.00118857025285,1010.1197162349712,1.0069118854754535,NORMAL,2,N-2-657,7,NORMAL,0,GREEN
2025-12-16 22:57:21,19.81131011979681,52.58188514518148,1002.9370199285752,1.0059419891424697,NORMAL,3,N-3-305,12,NORMAL,0,GREEN
2025-12-16 22:57:22,19.630668705514758,45.22085506647281,997.6034691112128,1.0054329224413463,NORMAL,3,N-3-335,15,NORMAL,0,GREEN
2025-12-16 22:57:23,19.451096470174825,44.70920250608621,984.1842735048226,1.0133380651249695,NORMAL,1,N-1-930,5,NORMAL,0,GREEN
2025-12-16 22:57:24,19.680182088324592,50.04514086401928,995.0315000949604,1.0081122098189217,NORMAL,2,N-2-216,7,NORMAL,0,GREEN
2025-12-16 22:57:25,19.438788694046767,52.87950481267855,990.2540272374704,1.0146011831297497,NORMAL,2,N-2-494,7,NORMAL,0,GREEN
2025-12-16 22:57:26,19.194281319723324,50.76854563702104,1014.3675417399824,1.008392595610843,NORMAL,1,N-1-888,5,NORMAL,0,GREEN
2025-12-16 22:57:27,19.34878705336239,49.12781824010472,995.5929135005412,1.0048779261272212,NORMAL,2,N-2-437,7,NORMAL,0,GREEN
2025-12-16 22:57:28,19.219381211846123,49.18950868333057,997.985638454276,1.006650426680154,FRAGILE,2,F-2-265,4,NORMAL,0,GREEN
2025-12-16 22:57:29,19.447272977393805,49.70683111756062,1001.4118830083236,1.0137074348600208,NORMAL,3,N-3-900,12,NORMAL,0,GREEN
2025-12-16 22:57:30,19.502762756878436,49.51785717957353,997.3488195709796,1.00953230546619,NORMAL,2,N-2-878,7,NORMAL,0,GREEN
2025-12-16 22:57:31,19.75146559684129,48.56238284793875,1010.560408323446,1.0083551381105282,NORMAL,2,N-2-652,7,NORMAL,0,GREEN
2025-12-16 22:57:32,19.549039106064622,48.20840220790375,992.0188051061244,1.0104800546775583,NORMAL,1,N-1-145,5,NORMAL,0,GREEN
2025-12-16 22:57:33,19.46713492067867,47.87481374420096,998.556859641898,1.0115053482085026,NORMAL,3,N-3-185,12,NORMAL,0,GREEN
2025-12-16 22:57:34,19.624410837177525,46.49207082226665,991.0602353144156,1.0133521964477077,NORMAL,1,N-1-341,5,NORMAL,0,GREEN
2025-12-16 22:57:35,19.168329703648816,47.43864984626645,986.4398199102344,1.0143454976896789,NORMAL,1,N-1-900,5,NORMAL,0,GREEN
2025-12-16 22:57:36,19.535342183716285,44.61408637160923,992.1058472727576,1.0089206940626327,NORMAL,1,N-1-688,5,NORMAL,0,GREEN
2025-12-16 22:57:37,19.615629779083044,47.8033207464105,996.7037056236128,1.0060218569417538,NORMAL,2,N-2-293,10,NORMAL,0,GREEN
2025-12-16 22:57:38,19.278212063133022,46.022817785698166,993.565582203862,1.0087596045166305,NORMAL,2,N-2-785,7,NORMAL,0,GREEN
2025-12-16 22:57:39,19.67156310648104,45.79282136556846,991.4606321610092,1.0107808415197486,NORMAL,2,N-2-205,7,NORMAL,0,GREEN
2025-12-16 22:57:40,19.550774461124163,48.35978830230696,985.7494602906252,1.0071087232213682,NORMAL,3,N-3-971,12,NORMAL,0,GREEN
2025-12-16 22:57:41,19.43770681291488,50.7840045726892,996.3351554189704,1.0071285472553149,NORMAL,3,N-3-734,15,NORMAL,0,GREEN
2025-12-16 22:57:42,19.594917279915943,49.83663321200463,984.962237007752,1.0110313636446495,NORMAL,2,N-2-172,7,NORMAL,0,GREEN
2025-12-16 22:57:43,19.84060392867066,44.858998792753646,1003.0804477095168,1.009854042945289,NORMAL,3,N-3-652,12,NORMAL,0,GREEN
2025-12-16 22:57:44,19.527279938258776,46.02074372685932,997.659518023476,1.0100983909862349,NORMAL,2,N-2-939,7,NORMAL,0,GREEN
2025-12-16 22:57:45,19.53723308794505,49.88154237597643,985.3395880042806,1.0077245139959,NORMAL,2,N-2-183,7,NORMAL,0,GREEN
2025-12-16 22:57:46,19.431095865068965,46.03502521292338,994.5263273836013,1.0093087978573827,NORMAL,2,N-2-482,7,NORMAL,0,GREEN
2025-12-16 22:57:47,19.37252334458028,47.55073370000595,990.9827487552752,1.007227300567195,NORMAL,3,N-3-307,12,NORMAL,0,GREEN
2025-12-16 22:57:48,19.62455037248164,49.1001041980491,999.5533960833534,1.0126705952333743,NORMAL,2,N-2-509,7,NORMAL,0,GREEN
2025-12-16 22:57:49,19.37158742611367,46.06331109027273,1007.7236035681852,1.0131057480041712,NORMAL,3,N-3-908,12,NORMAL,0,GREEN
2025-12-16 22:57:50,19.51073493558291,48.21075101229192,981.998620242834,1.0044614364132858,NORMAL,2,N-2-111,10,NORMAL,0,GREEN
2025-12-16 22:57:51,19.428351382985237,45.33194901016359,997.9202086331792,1.0072114674194228,NORMAL,3,N-3-636,12,NORMAL,0,GREEN
2025-12-16 22:57:52,19.57184697386196,46.79726471209757,995.7189376354668,1.0055104122347298,NORMAL,1,N-1-246,5,NORMAL,0,GREEN
2025-12-16 22:57:53,19.550049315793043,48.63956386828507,1002.3707206116036,1.0080499281967794,NORMAL,3,N-3-784,12,NORMAL,0,GREEN
2025-12-16 22:57:54,19.655630991638684,44.81401253293666,998.7055730259016,1.009749686090629,FRAGILE,1,F-1-794,2,NORMAL,0,GREEN
2025-12-16 22:57:55,19.423497540171788,48.8809494759208,990.9842453460894,1.0056510643409045,NORMAL,3,N-3-822,15,NORMAL,0,GREEN
2025-12-16 22:57:56,19.459518759705997,47.96072440214664,994.4475685146672,1.007234420560624,NORMAL,2,N-2-411,10,NORMAL,0,GREEN
2025-12-16 22:57:57,19.35318544263265,49.104979908834295,990.631793145572,1.0069881278837556,NORMAL,1,N-1-813,5,NORMAL,0,GREEN
2025-12-16 22:57:58,19.433356010988582,48.44782826812932,1005.6080571087888,1.0106218019881967,NORMAL,3,N-3-192,12,NORMAL,0,GREEN
2025-12-16 22:57:59,19.55659507395673,50.72828085994769,997.1704931893756,1.0102080330111087,NORMAL,2,N-2-452,10,NORMAL,0,GREEN
2025-12-17 09:00:00,19.283478733998823,48.5802127810338,981.7375395369808,1.0110156586288577,NORMAL,3,N-3-961,12,HIGH_TEMP,0,GREEN
2025-12-17 09:00:01,19.59318004090603,49.70336026988597,990.116919913764,1.0071862232703908,FRAGILE,1,F-1-123,2,HIGH_TEMP,0,GREEN
2025-12-17 09:00:02,19.41626353315225,51.1521849327652,993.6911557326268,1.0106498749262138,NORMAL,1,N-1-463,5,HIGH_TEMP,0,GREEN
2025-12-17 09:00:03,19.538904804694827,49.73623321548154,1012.1015012587216,1.0069227419490792,FRAGILE,2,F-2-251,4,HIGH_TEMP,0,GREEN
2025-12-17 09:00:04,20.162570744146414,48.64152142189069,1001.45242499627,1.013302464195268,NORMAL,2,N-2-707,7,HIGH_TEMP,0,GREEN
2025-12-17 09:00:05,20.10280721185817,49.90208087166225,986.3161474472008,1.0131841128946195,NORMAL,1,N-1-216,5,HIGH_TEMP,0,GREEN
2025-12-17 09:00:06,19.350928304507008,48.61866954228748,1000.8882903153412,1.011596018596466,NORMAL,2,N-2-677,10,HIGH_TEMP,0,GREEN
2025-12-17 09:00:07,20.02985618021325,48.5040819896766,984.6215680884932,1.011084983183741,FRAGILE,3,F-3-873,9,HIGH_TEMP,0,GREEN
2025-12-17 09:00:08,20.06448920046119,48.00799570328559,1005.6615284310966,1.015283564374602,NORMAL,3,N-3-470,15,HIGH_TEMP,0,GREEN
2025-12-17 09:00:09,19.51672502675214,50.94712672721137,993.231002785457,1.0099990589821646,FRAGILE,2,F-2-367,4,HIGH_TEMP,0,GREEN
2025-12-17 09:00:10,20.1469710857686,47.44125332215723,996.2509104900868,1.0064543776237376,NORMAL,3,N-3-651,12,HIGH_TEMP,0,GREEN
2025-12-17 09:00:11,20.40285114743012,51.03433754019443,1007.6063731803376,1.011348421738497,FRAGILE,1,F-1-966,2,HIGH_TEMP,0,GREEN
2025-12-17 09:00:12,19.644841909297245,49.55247177089484,986.702691451326,1.0162581411486111,NORMAL,2,N-2-851,7,HIGH_TEMP,0,GREEN
2025-12-17 09:00:13,19.746488284130503,46.7706059551884,985.823054519096,1.0069557215204423,NORMAL,2,N-2-625,10,HIGH_TEMP,0,GREEN
2025-12-17 09:00:14,20.36717134975205,49.48792878898546,992.331205389232,1.008915611699918,NORMAL,2,N-2-392,7,HIGH_TEMP,0,GREEN
2025-12-17 09:00:15,20.183455282210904,45.85330472012792,1005.3070308081544,1.0112493381143044,NORMAL,1,N-1-652,5,HIGH_TEMP,0,GREEN
2025-12-17 09:00:16,20.30758335079928,50.008496138958925,984.8452313961852,1.0098382854529828,NORMAL,2,N-2-480,10,HIGH_TEMP,0,GREEN
2025-12-17 09:00:17,20.284451012411783,50.46497097030288,974.3427552151154,1.007053089258868,NORMAL,3,N-3-330,12,HIGH_TEMP,0,GREEN
2025-12-17 09:00:18,20.339616803034296,48.31547944444834,993.390729132728,1.0133655735686915,NORMAL,1,N-1-842,5,HIGH_TEMP,0,GREEN
2025-12-17 09:00:19,19.864600167526746,49.45622455396682,1001.4139263992872,1.0169601221660518,NORMAL,2,N-2-956,7,HIGH_TEMP,0,GREEN
2025-12-17 09:00:20,20.616870897270715,52.2690287927659,1006.6020939979106,1.0105883943770717,NORMAL,1,N-1-262,5,HIGH_TEMP,0,GREEN
2025-12-17 09:00:21,20.693686362276825,48.646062217854585,993.2947091033168,1.007287795130792,NORMAL,1,N-1-548,5,HIGH_TEMP,0,GREEN
2025-12-17 09:00:22,20.314125920592303,47.88321052576961,993.708587143072,1.0053531184248397,NORMAL,1,N-1-386,5,HIGH_TEMP,0,GREEN
2025-12-17 09:00:23,20.410033838132765,51.76095664215544,1006.231205874046,1.0107739279436636,FRAGILE,3,F-3-729,9,HIGH_TEMP,0,GREEN
2025-12-17 09:00:24,20.00387845157442,52.54923195636475,982.0420664024366,1.013311632029949,NORMAL,2,N-2-704,10,HIGH_TEMP,0,GREEN
2025-12-17 09:00:25,20.6576209084107,49.67778431044736,993.891833798536,1.011425503239486,NORMAL,2,N-2-460,7,HIGH_TEMP,0,GREEN
2025-12-17 09:00:26,20.71509549338381,51.25632498789514,998.5233911194003,1.0099927884772435,NORMAL,1,N-1-875,5,HIGH_TEMP,0,GREEN
2025-12-17 09:00:27,20.564954735033982,51.81823394018595,1000.5937497702804,1.008232185044632,FRAGILE,3,F-3-412,9,HIGH_TEMP,0,GREEN
2025-12-17 09:00:28,20.961051827359142,48.75918335018908,992.921546454473,1.0067235091018458,NORMAL,2,N-2-220,10,HIGH_TEMP,0,GREEN
2025-12-17 09:00:29,20.563656429368223,49.21184057805188,997.2755280936468,1.0125042539789746,NORMAL,3,N-3-303,12,HIGH_TEMP,0,GREEN
2025-12-17 09:00:30,20.873395155694503,51.8530007329428,977.093381172696,1.0127413148641569,FRAGILE,1,F-1-731,2,HIGH_TEMP,0,GREEN
2025-12-17 09:00:31,20.438247855583,52.60110001338049,991.7340127013292,1.0053628106399275,FRAGILE,3,F-3-719,9,HIGH_TEMP,0,GREEN
2025-12-17 09:00:32,20.777215291192576,50.98478951768628,1000.6280697004356,1.014769516934542,NORMAL,3,N-3-981,15,HIGH_TEMP,0,GREEN
2025-12-17 09:00:33,20.772108438348216,48.88763632927869,989.1416477259626,1.011722213662682,NORMAL,2,N-2-610,10,HIGH_TEMP,0,GREEN
2025-12-17 09:00:34,20.93214087159556,53.25483915918796,997.4718737727168,1.0141987839354374,FRAGILE,1,F-1-896,2,HIGH_TEMP,0,GREEN
2025-12-17 09:00:35,20.793824195597484,49.54468077702787,1000.5749800064216,1.0059736167545448,NORMAL,1,N-1-297,5,HIGH_TEMP,0,GREEN
2025-12-17 09:00:36,20.905374274810203,49.90532008409567,994.259606393138,1.0059025275337536,FRAGILE,1,F-1-936,2,HIGH_TEMP,0,GREEN
2025-12-17 09:00:37,21.23276398420837,50.9884231396943,998.3637101679726,1.009553092070698,NORMAL,1,N-1-305,5,HIGH_TEMP,0,GREEN
2025-12-17 09:00:38,20.89405434086867,52.87304665113905,989.2981394777232,1.0115083532806857,NORMAL,2,N-2-341,10,HIGH_TEMP,0,GREEN
2025-12-17 09:00:39,20.583244261082744,51.88965961700225,995.3471097624316,1.0153890824687808,NORMAL,3,N-3-316,15,HIGH_TEMP,0,GREEN
2025-12-17 09:00:40,21.630226341830188,51.29788353482381,1001.8817293567138,1.0121182367414454,FRAGILE,2,F-2-138,4,HIGH_TEMP,0,GREEN
2025-12-17 09:00:41,21.559921173439925,51.43740771156512,998.2557836877476,1.009271956169564,NORMAL,3,N-3-526,15,HIGH_TEMP,0,GREEN
2025-12-17 09:00:42,20.797939920565305,50.874636551460185,992.3077498434884,1.0069208923770023,NORMAL,2,N-2-393,10,HIGH_TEMP,0,GREEN
2025-12-17 09:00:43,21.432664849934763,51.71346345237976,998.7937312343264,1.0136900017181574,NORMAL,3,N-3-912,15,HIGH_TEMP,0,GREEN
2025-12-17 09:00:44,21.11499385646001,47.148803696167576,1002.7168783250928,1.0071058837227478,NORMAL,2,N-2-474,10,HIGH_TEMP,0,GREEN
2025-12-17 09:00:45,21.385066231488956,50.56512225621135,980.6004697713802,1.014885405664317,NORMAL,2,N-2-875,10,HIGH_TEMP,0,GREEN
2025-12-17 09:00:46,21.43442108485789,51.438905979298255,1006.2725925196472,1.0091468460511803,NORMAL,1,N-1-616,5,HIGH_TEMP,0,GREEN
2025-12-17 09:00:47,21.315965285323163,49.41729158360084,994.3099620905514,1.0147717462178536,NORMAL,3,N-3-901,15,HIGH_TEMP,0,GREEN
2025-12-17 09:00:48,21.191291705006357,51.79018731785446,1000.4039194659218,1.0120367938701778,FRAGILE,1,F-1-317,2,HIGH_TEMP,0,GREEN
2025-12-17 09:00:49,21.259392868251613,50.97088514176497,1006.5779753891618,1.0095890135316727,NORMAL,3,N-3-213,12,HIGH_TEMP,0,GREEN
2025-12-17 09:00:50,21.23183138856633,53.9776951528244,986.0266104221564,1.0084418108845217,NORMAL,2,N-2-747,7,HIGH_TEMP,0,GREEN
2025-12-17 09:00:51,21.297276080005783,53.77090082528048,991.3244719805796,1.008977276367962,NORMAL,3,N-3-687,12,HIGH_TEMP,0,GREEN
2025-12-17 09:00:52,21.566803034724323,50.77955251588797,994.6916104329944,1.0112849500771257,FRAGILE,3,F-3-913,9,HIGH_TEMP,0,GREEN
2025-12-17 09:00:53,21.41236230427012,51.3188939343222,990.7299718310046,1.0102314694886532,NORMAL,1,N-1-386,5,HIGH_TEMP,0,GREEN
2025-12-17 09:00:54,21.871839699981344,51.50111878536668,1010.8794926066944,1.0082185657757938,NORMAL,2,N-2-168,10,HIGH_TEMP,0,GREEN
2025-12-17 09:00:55,22.15353170613255,51.00144055164685,990.1458232493856,1.0095031057690471,NORMAL,1,N-1-319,5,HIGH_TEMP,1,YELLOW
2025-12-17 09:00:56,21.57347566638497,52.0383568740355,992.5556257641052,1.0102357310891574,FRAGILE,2,F-2-674,4,HIGH_TEMP,0,GREEN
2025-12-17 09:00:57,21.859446768220813,50.67528592676895,998.6351122528238,1.0036137977167556,FRAGILE,1,F-1-188,2,HIGH_TEMP,0,GREEN
2025-12-17 09:00:58,21.97766473041529,50.18367565980107,987.3828037913912,1.011374504344366,FRAGILE,1,F-1-688,2,HIGH_TEMP,0,GREEN
2025-12-17 09:00:59,22.00949365786441,52.88055513016478,993.8345543059498,1.0070608363258495,NORMAL,3,N-3-423,12,HIGH_TEMP,1,YELLOW
2025-12-17 09:01:00,21.930813336227672,52.95767230275412,999.5396260900014,1.0065400027903828,NORMAL,2,N-2-593,10,HIGH_TEMP,0,GREEN
2025-12-17 09:01:01,22.17096526062497,50.87379391903844,994.33711676494,1.0049379669586678,NORMAL,2,N-2-581,10,HIGH_TEMP,1,YELLOW
2025-12-17 09:01:02,22.13296900018547,53.49019033677936,996.2529051288004,1.0046183225063965,NORMAL,2,N-2-378,7,HIGH_TEMP,1,YELLOW
2025-12-17 09:01:03,21.65712936694729,51.26668022899448,992.765343100413,1.0059336574906632,FRAGILE,3,F-3-740,9,HIGH_TEMP,0,GREEN
2025-12-17 09:01:04,22.32930869222648,52.66068431190647,984.884237526554,1.0078729371271085,NORMAL,2,N-2-700,7,HIGH_TEMP,1,YELLOW
2025-12-17 09:01:05,22.37488290335393,53.57834210587521,999.572745690714,1.0158597774125795,NORMAL,1,N-1-175,5,HIGH_TEMP,1,YELLOW
2025-12-17 09:01:06,21.919843600184556,52.364296872007976,1011.039464573178,1.0084223609723144,NORMAL,2,N-2-927,10,HIGH_TEMP,0,GREEN
2025-12-17 09:01:07,22.20034456133662,53.16371671938227,997.1472130462676,1.010533250318804,NORMAL,1,N-1-404,5,HIGH_TEMP,1,YELLOW
2025-12-17 09:01:08,22.43409568780988,51.77385051744624,998.8021129379804,1.011201444159519,NORMAL,1,N-1-201,5,HIGH_TEMP,1,YELLOW
2025-12-17 09:01:09,22.20643662335696,52.32068474024247,1002.5417820409348,1.0103931955586476,NORMAL,2,N-2-721,7,HIGH_TEMP,1,YELLOW
2025-12-17 09:01:10,22.631257962824787,52.37348510117113,986.8453560276264,1.009767669617822,NORMAL,2,N-2-876,7,HIGH_TEMP,1,YELLOW
2025-12-17 09:01:11,23.058660076145003,51.62929635978831,1010.6201172650368,1.0064141187092022,NORMAL,3,N-3-427,12,HIGH_TEMP,1,YELLOW
2025-12-17 09:01:12,22.153836297232917,52.55089226703201,998.6186303713824,1.0143527826448375,NORMAL,2,N-2-728,10,HIGH_TEMP,1,YELLOW
2025-12-17 09:01:13,22.015452505341493,50.56001569551709,1010.0548551927128,1.0154215899309136,NORMAL,1,N-1-111,5,HIGH_TEMP,1,YELLOW
2025-12-17 09:01:14,22.561045244233306,52.21310215520657,991.135736035808,1.004952023917632,NORMAL,1,N-1-392,5,HIGH_TEMP,1,YELLOW
2025-12-17 09:01:15,22.72650219635389,52.58940916797225,1011.5444953804626,1.0069279142273408,NORMAL,3,N-3-882,12,HIGH_TEMP,1,YELLOW
2025-12-17 09:01:16,22.48090731192684,52.69934241139071,1003.2012439522782,1.009160568972869,NORMAL,3,N-3-425,12,HIGH_TEMP,1,YELLOW
2025-12-17 09:01:17,23.026279202340792,52.78825550343464,1001.4243206868188,1.0071063866152694,NORMAL,2,N-2-990,7,HIGH_TEMP,1,YELLOW
2025-12-17 09:01:18,22.22885304269172,53.12474500455763,998.8721956348252,1.0115178966603675,NORMAL,3,N-3-506,15,HIGH_TEMP,1,YELLOW
2025-12-17 09:01:19,22.878444148782396,54.00344321358394,995.0117710554044,1.0078151833927802,NORMAL,3,N-3-914,15,HIGH_TEMP,1,YELLOW
2025-12-17 09:01:20,22.528944094909452,54.66294617976065,1006.604253267791,1.0164951682034198,FRAGILE,1,F-1-892,2,HIGH_TEMP,1,YELLOW
2025-12-17 09:01:21,23.26664949226353,52.44341236039649,998.1228789587844,1.0135716457830308,NORMAL,3,N-3-423,12,HIGH_TEMP,1,YELLOW
2025-12-17 09:01:22,23.388724505615983,51.6801485496922,981.2634423713027,1.0106377220918967,NORMAL,1,N-1-886,5,HIGH_TEMP,1,YELLOW
2025-12-17 09:01:23,22.60110670259476,51.988772846518295,988.062508306344,1.0130809587899592,NORMAL,2,N-2-472,10,HIGH_TEMP,1,YELLOW
2025-12-17 09:01:24,22.70637031742141,52.88792471519758,995.513233982458,1.013317701273072,NORMAL,2,N-2-850,10,HIGH_TEMP,1,YELLOW
2025-12-17 09:01:25,23.169247603552137,53.15773675237222,999.4799918653245,1.0083081575358253,NORMAL,3,N-3-205,12,HIGH_TEMP,1,YELLOW
2025-12-17 09:01:26,22.835365821785555,52.59751426190783,996.5472920888008,1.007551348266374,NORMAL,2,N-2-688,7,HIGH_TEMP,1,YELLOW
2025-12-17 09:01:27,22.97801543060695,51.8752229969362,1006.7517663183492,1.010234429188909,NORMAL,2,N-2-558,10,HIGH_TEMP,1,YELLOW
2025-12-17 09:01:28,23.03938910141356,53.20210638420678,981.391185087691,1.012584908373494,NORMAL,3,N-3-685,12,HIGH_TEMP,1,YELLOW
2025-12-17 09:01:29,22.496004407655757,54.22531718769604,998.1487034920412,1.0104171811959604,NORMAL,3,N-3-682,12,HIGH_TEMP,1,YELLOW
2025-12-17 09:01:30,23.107888809950992,54.912611088385454,982.4561661969028,1.005269010553427,NORMAL,3,N-3-544,15,HIGH_TEMP,1,YELLOW
2025-12-17 09:01:31,22.945255580824224,53.25082194207665,1003.0776983638732,1.0075915266681474,FRAGILE,2,F-2-183,4,HIGH_TEMP,1,YELLOW
2025-12-17 09:01:32,23.04437084558776,53.534349420631,996.244330284464,1.0097780814092168,NORMAL,2,N-2-484,7,HIGH_TEMP,1,YELLOW
2025-12-17 09:01:33,23.665531072612552,52.83068832268221,1000.356879776193,1.0097730031870225,NORMAL,1,N-1-990,5,HIGH_TEMP,1,YELLOW
2025-12-17 09:01:34,22.89562318255234,54.24046666249804,990.088936315282,1.015917626530369,NORMAL,1,N-1-217,5,HIGH_TEMP,1,YELLOW
2025-12-17 09:01:35,23.556670586124728,53.081872098881,1007.235719453262,1.005842036172803,FRAGILE,1,F-1-125,2,HIGH_TEMP,1,YELLOW
2025-12-17 09:01:36,23.26915393026501,55.28109640213604,1005.3337973124708,1.0115167677255077,NORMAL,1,N-1-477,5,HIGH_TEMP,1,YELLOW
2025-12-17 09:01:37,23.309048538080013,51.809494576480105,1001.6683544240952,1.0144673393249848,FRAGILE,1,F-1-683,2,HIGH_TEMP,1,YELLOW
2025-12-17 09:01:38,23.67022193670849,54.0157394378096,995.9638620250925,1.0168143492362685,NORMAL,1,N-1-392,5,HIGH_TEMP,1,YELLOW
2025-12-17 09:01:39,23.575259535527856,55.07373458738293,1001.6388582823612,1.008786807730448,NORMAL,2,N-2-711,7,HIGH_TEMP,1,YELLOW
2025-12-17 09:01:40,23.684561825587267,54.9647149851861,991.3448594561012,1.011474288358161,NORMAL,3,N-3-245,12,HIGH_TEMP,1,YELLOW
2025-12-17 09:01:41,23.843967103845475,58.795403338780105,1003.8444452721656,1.011709281071596,NORMAL,3,N-3-538,12,HIGH_TEMP,1,YELLOW
2025-12-17 09:01:42,23.49425296999484,55.34744251176825,1010.1958471545912,1.0105864451946598,NORMAL,2,N-2-660,10,HIGH_TEMP,1,YELLOW
2025-12-17 09:01:43,23.450108243861724,53.3835502117604,1005.5648844798336,1.009703464396282,FRAGILE,3,F-3-772,9,HIGH_TEMP,1,YELLOW
2025-12-17 09:01:44,23.34836788551092,54.81332536849683,991.1631802415408,1.0113079261685,NORMAL,3,N-3-761,12,HIGH_TEMP,1,YELLOW
2025-12-17 09:01:45,23.466423663748788,52.35904187103778,999.8913385381848,1.002403261744341,NORMAL,1,N-1-554,5,HIGH_TEMP,1,YELLOW
2025-12-17 09:01:46,24.638908929599307,54.969401379399336,986.6548676499308,1.012046208470188,NORMAL,3,N-3-689,15,HIGH_TEMP,1,YELLOW
2025-12-17 09:01:47,24.167718255491938,53.907606549950366,1001.5791224894054,1.0103785337109858,NORMAL,1,N-1-353,5,HIGH_TEMP,1,YELLOW
2025-12-17 09:01:48,23.429125850672712,56.59716568089877,1000.6048273029004,1.0093325753096651,FRAGILE,1,F-1-902,2,HIGH_TEMP,1,YELLOW
2025-12-17 09:01:49,23.47784455277626,54.466659487772255,982.0414692837428,1.016140586587159,NORMAL,3,N-3-934,12,HIGH_TEMP,1,YELLOW
2025-12-17 09:01:50,24.05927553757909,55.182710658079706,987.7057292487012,1.0079751979436284,NORMAL,2,N-2-266,10,HIGH_TEMP,1,YELLOW
2025-12-17 09:01:51,24.119028937541152,54.471412401772994,994.73488882605,1.0087907720328049,NORMAL,1,N-1-379,5,HIGH_TEMP,1,YELLOW
2025-12-17 09:01:52,24.159648428187182,58.09991582376662,994.5931220228734,1.0159746599066142,NORMAL,2,N-2-317,10,HIGH_TEMP,1,YELLOW
2025-12-17 09:01:53,23.95863031879008,55.07666427891678,987.3241845166496,1.0075038160854504,NORMAL,2,N-2-266,7,HIGH_TEMP,1,YELLOW
2025-12-17 09:01:54,24.03761455811953,58.37425362541947,1000.1118298348176,1.0083496541511905,NORMAL,1,N-1-843,5,HIGH_TEMP,1,YELLOW
2025-12-17 09:01:55,24.213748472632425,56.91353533548509,999.011788871524,1.0095589237297076,FRAGILE,1,F-1-998,2,HIGH_TEMP,1,YELLOW
2025-12-17 09:01:56,24.18128629653683,56.48229741541779,995.445846944172,1.0125222034463883,NORMAL,1,N-1-990,5,HIGH_TEMP,1,YELLOW
2025-12-17 09:01:57,23.52986206208878,56.37918667749801,990.9536679987332,1.01062340752206,NORMAL,2,N-2-807,10,HIGH_TEMP,1,YELLOW
2025-12-17 09:01:58,24.166846064004694,56.48367253595314,1005.3896570113324,1.0061221239585432,NORMAL,1,N-1-741,5,HIGH_TEMP,1,YELLOW
2025-12-17 09:01:59,24.02049780216338,53.06835735171737,1010.2432569047064,1.0084034943106184,NORMAL,1,N-1-259,5,HIGH_TEMP,1,YELLOW
2025-12-17 09:02:00,24.36861693737824,55.608430761616674,993.1315081292277,1.0081779367003634,NORMAL,1,N-1-811,5,HIGH_TEMP,1,YELLOW
2025-12-17 09:02:01,25.25176499175092,57.36138244172631,992.1026646627614,1.0097683368643309,NORMAL,2,N-2-911,7,HIGH_TEMP,1,YELLOW
2025-12-17 09:02:02,24.506565569876408,56.08718934184569,1000.929661323296,1.0112775309758897,NORMAL,1,N-1-441,5,HIGH_TEMP,1,YELLOW
2025-12-17 09:02:03,24.34239594364661,54.11963997895852,994.1357649620242,1.011254617267664,NORMAL,2,N-2-271,10,HIGH_TEMP,1,YELLOW
2025-12-17 09:02:04,24.75312907935572,56.2157077054047,995.884822394694,1.0046719647378548,NORMAL,2,N-2-902,10,HIGH_TEMP,1,YELLOW
2025-12-17 09:02:05,24.66152877418952,58.917362287761165,1002.9172252137972,1.0131918229626826,NORMAL,2,N-2-215,10,HIGH_TEMP,1,YELLOW
2025-12-17 09:02:06,24.68288453442652,58.29843121878703,981.7251512999416,1.0107577065379898,NORMAL,2,N-2-647,7,HIGH_TEMP,1,YELLOW
2025-12-17 09:02:07,24.779045144519888,56.401977263542925,1007.5464185988212,1.0141535961427817,NORMAL,1,N-1-386,5,HIGH_TEMP,1,YELLOW
2025-12-17 09:02:08,25.25408681526826,57.98904682528613,997.5814441946349,1.011332594981872,NORMAL,3,N-3-307,15,HIGH_TEMP,1,YELLOW
2025-12-17 09:02:09,24.337990994485835,56.07900201125394,993.7080548435024,1.0133039688732073,NORMAL,2,N-2-732,10,HIGH_TEMP,1,YELLOW
2025-12-17 09:02:10,24.859480927391264,54.13984479367297,996.2861267662284,1.0113996359343504,NORMAL,3,N-3-756,12,HIGH_TEMP,1,YELLOW
2025-12-17 09:02:11,24.47961074461758,55.375842823825735,996.699434840164,1.0140386772686083,FRAGILE,3,F-3-336,9,HIGH_TEMP,1,YELLOW
2025-12-17 09:02:12,24.96431265677893,59.17376459088938,983.1503895724406,1.0115667519080531,NORMAL,3,N-3-203,12,HIGH_TEMP,1,YELLOW
2025-12-17 09:02:13,24.56218668869464,56.48533144749016,1008.959505819626,1.0097062542606714,FRAGILE,2,F-2-971,4,HIGH_TEMP,1,YELLOW
2025-12-17 09:02:14,24.752716377323157,56.59813473327861,997.3306050581648,1.0168173041613406,FRAGILE,1,F-1-248,2,HIGH_TEMP,1,YELLOW
2025-12-17 09:02:15,24.82953322639753,56.58034304003584,1000.544017043579,1.0126671113668395,NORMAL,2,N-2-555,10,HIGH_TEMP,1,YELLOW
2025-12-17 09:02:16,25.25093899573652,59.9531948509147,1004.6123981645924,1.0117212332630132,FRAGILE,3,F-3-883,9,HIGH_TEMP,1,YELLOW
2025-12-17 09:02:17,25.273864092380048,59.6028179717053,988.8307003395176,1.006171086750385,NORMAL,2,N-2-608,10,HIGH_TEMP,1,YELLOW
2025-12-17 09:02:18,24.664746325527624,60.55893958094143,1000.787775192282,1.0061350771476094,NORMAL,2,N-2-762,10,HIGH_TEMP,1,YELLOW
2025-12-17 09:02:19,25.095075551025708,57.059091047276176,994.8588712728096,1.0108781464464256,NORMAL,2,N-2-460,10,HIGH_TEMP,1,YELLOW
2025-12-17 09:02:20,24.90585514056521,57.80798522810392,1003.774166201732,1.0104365635933048,NORMAL,1,N-1-860,5,HIGH_TEMP,1,YELLOW
2025-12-17 09:02:21,24.78131140305158,55.15647430295912,979.982180637188,1.008157632304975,NORMAL,1,N-1-934,5,HIGH_TEMP,1,YELLOW
2025-12-17 09:02:22,25.133891540391083,59.71372939837474,996.20724559807,1.0104229480988365,NORMAL,2,N-2-295,10,HIGH_TEMP,1,YELLOW
2025-12-17 09:02:23,25.146585598245863,55.81354806440244,992.1774347537284,1.0147658807841309,NORMAL,2,N-2-518,7,HIGH_TEMP,1,YELLOW
2025-12-17 09:02:24,26.00727915995048,57.95727036905532,1000.4581036050732,1.012086207423651,NORMAL,2,N-2-441,7,HIGH_TEMP,1,YELLOW
2025-12-17 09:02:25,25.449285940919243,56.05304286406913,1000.7603534989456,1.0065769744707418,NORMAL,1,N-1-111,5,HIGH_TEMP,1,YELLOW
2025-12-17 09:02:26,24.946246522348986,56.88258604751738,991.3389928414238,1.0096654735185713,NORMAL,3,N-3-777,12,HIGH_TEMP,1,YELLOW
2025-12-17 09:02:27,25.230233350588183,56.57688227315789,991.3026090865916,1.0075851005574423,NORMAL,2,N-2-257,7,HIGH_TEMP,1,YELLOW
2025-12-17 09:02:28,25.7462143197325,56.98785266082574,996.1146770515412,1.0088369002507742,NORMAL,2,N-2-233,7,HIGH_TEMP,1,YELLOW
2025-12-17 09:02:29,26.106465942228876,57.15787112922303,989.8268621814784,1.008759153003111,FRAGILE,3,F-3-625,9,HIGH_TEMP,1,YELLOW
2025-12-17 09:02:30,25.04427189596072,57.21104162366589,1003.735869563617,1.008567063252188,NORMAL,1,N-1-774,5,HIGH_TEMP,1,YELLOW
2025-12-17 09:02:31,24.99622335335461,59.350335315831,994.0463423964204,1.0062345938840798,NORMAL,2,N-2-565,10,HIGH_TEMP,1,YELLOW
2025-12-17 09:02:32,26.16162400077207,56.50992989067378,973.7440942454268,1.0096170359554455,FRAGILE,2,F-2-867,4,HIGH_TEMP,1,YELLOW
2025-12-17 09:02:33,25.75735248063602,58.56492585289538,994.0014235470256,1.008318177089458,NORMAL,2,N-2-892,7,HIGH_TEMP,1,YELLOW
2025-12-17 09:02:34,25.420114187126053,60.127942072939945,988.6916494332482,1.0012116539299931,FRAGILE,1,F-1-263,2,HIGH_TEMP,1,YELLOW
2025-12-17 09:02:35,25.88112451178991,57.598098429818535,983.9497934763124,1.016158916073505,NORMAL,3,N-3-209,12,HIGH_TEMP,1,YELLOW
2025-12-17 09:02:36,24.970145243512327,57.35790427257425,987.1005868942194,1.01326630896265,NORMAL,2,N-2-535,7,HIGH_TEMP,1,YELLOW
2025-12-17 09:02:37,25.80201599646076,58.1558853030323,997.8752677746636,1.008871097825225,FRAGILE,3,F-3-124,9,HIGH_TEMP,1,YELLOW
2025-12-17 09:02:38,25.939483475598745,60.33814968545076,1007.6291266259858,1.010056457149222,NORMAL,1,N-1-491,5,HIGH_TEMP,1,YELLOW
2025-12-17 09:02:39,26.158551944871384,58.92661295144676,999.5054757909198,1.0064850369580474,NORMAL,1,N-1-636,5,HIGH_TEMP,1,YELLOW
2025-12-17 09:02:40,25.61723589658649,57.90551969521235,992.147972894274,1.0150871686334326,FRAGILE,3,F-3-111,9,HIGH_TEMP,1,YELLOW
2025-12-17 09:02:41,25.98724460995947,59.49504574601283,1000.6472335613656,1.0156918660843193,FRAGILE,1,F-1-631,2,HIGH_TEMP,1,YELLOW
2025-12-17 09:02:42,25.7240448529848,57.18268217658316,993.327277518248,1.0104700811847396,NORMAL,2,N-2-546,10,HIGH_TEMP,1,YELLOW
2025-12-17 09:02:43,26.118421146769183,59.92504929910924,991.4431970466948,1.013070591932556,NORMAL,2,N-2-142,10,HIGH_TEMP,1,YELLOW
2025-12-17 09:02:44,25.8133359026222,59.582810627104486,987.7650986541362,1.0105258603368017,NORMAL,2,N-2-762,7,HIGH_TEMP,1,YELLOW
2025-12-17 09:02:45,25.99964332684725,58.57507659095054,982.9853695459864,1.0059898236833722,NORMAL,3,N-3-616,12,HIGH_TEMP,1,YELLOW
2025-12-17 09:02:46,25.863462739422463,57.84580023209504,993.8806103475245,1.008764529893109,NORMAL,3,N-3-444,15,HIGH_TEMP,1,YELLOW
2025-12-17 09:02:47,26.39768200967084,57.84054717844773,998.2644279193612,1.010395783900316,NORMAL,2,N-2-789,10,HIGH_TEMP,1,YELLOW
2025-12-17 09:02:48,26.50001025138496,60.0396841984988,996.2270106398807,1.0086363568437695,NORMAL,1,N-1-562,5,HIGH_TEMP,1,YELLOW
2025-12-17 09:02:49,26.21222252466495,61.147818579820544,993.6722645764212,1.009344040167695,NORMAL,1,N-1-198,5,HIGH_TEMP,1,YELLOW
2025-12-17 09:02:50,26.3342138734044,58.41527583765079,989.4340315144258,1.0097258013274726,NORMAL,1,N-1-289,5,HIGH_TEMP,1,YELLOW
2025-12-17 09:02:51,25.92829882979054,60.12570714562823,1001.8659695334798,1.0097573645064035,NORMAL,2,N-2-179,10,HIGH_TEMP,1,YELLOW
2025-12-17 09:02:52,26.31310703904278,56.37447619450493,986.4629446404272,1.0101567754714924,NORMAL,1,N-1-714,5,HIGH_TEMP,1,YELLOW
2025-12-17 09:02:53,26.428082427596507,58.69497975852925,1003.2082233107478,1.0068181848008102,NORMAL,1,N-1-479,5,HIGH_TEMP,1,YELLOW
2025-12-17 09:02:54,27.26951551928224,59.59220758731572,988.9822638485862,1.007848951552616,NORMAL,1,N-1-223,5,HIGH_TEMP,1,YELLOW
2025-12-17 09:02:55,26.18982126350521,58.341160493256346,990.9805181011756,1.0061462472029,NORMAL,2,N-2-162,10,HIGH_TEMP,1,YELLOW
2025-12-17 09:02:56,27.002798322127404,58.36781568865173,985.2657184750746,1.0129334466490587,FRAGILE,1,F-1-673,2,HIGH_TEMP,1,YELLOW
2025-12-17 09:02:57,26.90273656180563,58.83779554823982,992.9887828249148,1.003683059174479,NORMAL,1,N-1-254,5,HIGH_TEMP,1,YELLOW
2025-12-17 09:02:58,26.72800363037714,60.34464360753973,1004.8024996678238,1.0134607710299508,NORMAL,2,N-2-840,7,HIGH_TEMP,1,YELLOW
2025-12-17 09:02:59,27.211532633552853,59.69225061954763,1001.1250247075516,1.0141590481917886,FRAGILE,1,F-1-609,2,HIGH_TEMP,1,YELLOW
2025-12-17 09:03:00,26.835711909340585,56.68278692927675,1004.8273768962245,1.009093458239052,NORMAL,3,N-3-830,12,HIGH_TEMP,1,YELLOW
2025-12-17 09:03:01,26.88096180552312,56.92597318241864,1001.1771403674716,1.002190588736518,NORMAL,1,N-1-690,5,HIGH_TEMP,1,YELLOW
2025-12-17 09:03:02,26.78841163018169,59.2636152766925,988.170641371757,1.008916068314098,FRAGILE,1,F-1-925,2,HIGH_TEMP,1,YELLOW
2025-12-17 09:03:03,27.21155227007676,60.92733255466561,994.3536862053796,1.0098074475161336,NORMAL,3,N-3-112,12,HIGH_TEMP,1,YELLOW
2025-12-17 09:03:04,27.213556154758653,56.186435043604455,990.7584069670604,1.0069682053402134,FRAGILE,1,F-1-592,2,HIGH_TEMP,1,YELLOW
2025-12-17 09:03:05,26.737045977630736,59.62498667557188,1007.6445992323124,1.0084543448185752,NORMAL,1,N-1-272,5,HIGH_TEMP,1,YELLOW
2025-12-17 09:03:06,26.569108784764182,59.65209978713023,987.4256908285896,1.01459058559659,NORMAL,1,N-1-799,5,HIGH_TEMP,1,YELLOW
2025-12-17 09:03:07,26.94412253118933,62.59086787132605,1004.1495815151128,1.0119947814869052,NORMAL,3,N-3-407,12,HIGH_TEMP,1,YELLOW
2025-12-17 09:03:08,26.805138932352943,59.99771811855111,1004.1436309608702,1.0072263076568655,NORMAL,3,N-3-609,15,HIGH_TEMP,1,YELLOW
2025-12-17 09:03:09,27.06622690855185,61.21662394533882,1011.6369616137288,1.0052072024912138,NORMAL,2,N-2-863,10,HIGH_TEMP,1,YELLOW
2025-12-17 09:03:10,27.496649500605912,60.92091581046564,993.722507258964,1.0090189480471707,NORMAL,2,N-2-844,10,HIGH_TEMP,1,YELLOW
2025-12-17 09:03:11,27.028361342938844,57.58007001273067,1002.6985772766412,1.0093596296619487,NORMAL,1,N-1-521,5,HIGH_TEMP,1,YELLOW
2025-12-17 09:03:12,27.192838604335627,61.9951201894961,1015.2532146923108,1.01148859756209,NORMAL,2,N-2-496,7,HIGH_TEMP,1,YELLOW
2025-12-17 09:03:13,27.26322621843583,61.23279375483995,992.0588665845304,1.008394049862297,FRAGILE,1,F-1-116,2,HIGH_TEMP,1,YELLOW
2025-12-17 09:03:14,27.54048244191911,61.73899158827442,984.7196780197412,1.0115344987260857,FRAGILE,1,F-1-229,2,HIGH_TEMP,1,YELLOW
2025-12-17 09:03:15,26.65202015632636,66.93283482052405,981.959919728738,1.0158054621201806,NORMAL,1,N-1-341,5,HIGH_TEMP,1,YELLOW
2025-12-17 09:03:16,27.184210647356363,57.984198483728704,1002.7016962308908,1.0124465030673329,NORMAL,2,N-2-331,10,HIGH_TEMP,1,YELLOW
2025-12-17 09:03:17,27.46973962273401,63.76430249972528,981.9347983355314,1.0098557344780077,FRAGILE,1,F-1-858,2,HIGH_TEMP,1,YELLOW
2025-12-17 09:03:18,27.80651198124244,60.81297587809011,994.0214475764966,1.00945054858684,NORMAL,2,N-2-825,10,HIGH_TEMP,1,YELLOW
2025-12-17 09:03:19,27.339051339326733,61.74203014590218,1000.4985054963116,1.0089299805974603,NORMAL,1,N-1-954,5,HIGH_TEMP,1,YELLOW
2025-12-17 09:03:20,26.96379004103025,61.309658053452814,998.4814042946392,1.0135419227373563,NORMAL,1,N-1-515,5,HIGH_TEMP,1,YELLOW
2025-12-17 09:03:21,27.752803065896867,60.80846155341464,1000.4035589134734,1.0081180596621462,NORMAL,1,N-1-107,5,HIGH_TEMP,1,YELLOW
2025-12-17 09:03:22,27.41641469472355,60.65695629326059,998.7783188464068,1.010135668127,NORMAL,1,N-1-186,5,HIGH_TEMP,1,YELLOW
2025-12-17 09:03:23,27.290257192908346,62.07285842108527,1007.2309265065072,1.0101535937056432,NORMAL,3,N-3-534,12,HIGH_TEMP,1,YELLOW
2025-12-17 09:03:24,27.49998735298569,59.369724404825256,989.3814689540897,1.0084946474215657,NORMAL,3,N-3-744,15,HIGH_TEMP,1,YELLOW
2025-12-17 09:03:25,27.672067141867124,62.83824333322245,991.5840388923316,1.0058826033563475,NORMAL,1,N-1-465,5,HIGH_TEMP,1,YELLOW
2025-12-17 09:03:26,27.58613512906663,61.154972606718935,990.8187244378336,1.010968923510853,FRAGILE,3,F-3-310,9,HIGH_TEMP,1,YELLOW
2025-12-17 09:03:27,27.146022490562583,60.15104983759331,1003.6415344949008,1.009816988084434,NORMAL,3,N-3-662,12,HIGH_TEMP,1,YELLOW
2025-12-17 09:03:28,28.116945946022664,61.23802419126714,1004.2031887071604,1.0115007214083098,NORMAL,3,N-3-872,12,HIGH_TEMP,2,RED
2025-12-17 09:03:29,28.27042237860435,63.86565693566176,1000.609802554548,1.0083991990806824,NORMAL,2,N-2-619,7,HIGH_TEMP,2,RED
2025-12-17 09:03:30,28.1235502428868,61.24382011195058,1006.4679493351194,1.013662463896439,NORMAL,2,N-2-467,10,HIGH_TEMP,2,RED
2025-12-17 09:03:31,27.62692172362172,62.65139280189637,987.575673060989,1.0073696786563644,NORMAL,1,N-1-867,5,HIGH_TEMP,1,YELLOW
2025-12-17 09:03:32,27.94791374382912,61.08416759311575,1010.3377928924092,1.0151361208520535,FRAGILE,1,F-1-562,2,HIGH_TEMP,1,YELLOW
2025-12-17 09:03:33,28.04653858870876,63.38437441368141,1009.185908973698,1.0047570904705152,NORMAL,2,N-2-903,10,HIGH_TEMP,2,RED
2025-12-17 09:03:34,28.26826707941038,63.34264287908832,1002.884975977966,1.0113043101936707,NORMAL,2,N-2-716,10,HIGH_TEMP,2,RED
2025-12-17 09:03:35,28.329264688421443,65.15418415295466,1011.2543912701684,1.0114262920475798,FRAGILE,1,F-1-218,2,HIGH_TEMP,2,RED
2025-12-17 09:03:36,27.948644181436688,62.18481461686823,983.747014338578,1.0076133287961773,NORMAL,2,N-2-877,7,HIGH_TEMP,1,YELLOW
2025-12-17 09:03:37,28.23362876725852,63.51803237436094,992.8044149098988,1.011273181813583,NORMAL,1,N-1-958,5,HIGH_TEMP,2,RED
2025-12-17 09:03:38,28.386348000983237,62.72904110863952,991.1175723145444,1.0138385560092804,NORMAL,2,N-2-792,7,HIGH_TEMP,2,RED
2025-12-17 09:03:39,28.726044355506907,64.59263710423265,1002.7718345900588,1.0033495434819375,NORMAL,3,N-3-387,12,HIGH_TEMP,2,RED
2025-12-17 09:03:40,28.540783400074503,61.63747048213206,988.5988740831827,1.0115082344224724,NORMAL,2,N-2-882,10,HIGH_TEMP,2,RED
2025-12-17 09:03:41,28.60628222360396,63.900116664968095,1003.0599611947,1.0025201875390095,FRAGILE,1,F-1-282,2,HIGH_TEMP,2,RED
2025-12-17 09:03:42,28.434846985034326,62.55745238358417,1007.9642891519736,1.0071030055894303,NORMAL,1,N-1-926,5,HIGH_TEMP,2,RED
2025-12-17 09:03:43,28.87297051948078,62.82010569420348,1002.561623200672,1.0148874990947028,NORMAL,2,N-2-725,10,HIGH_TEMP,2,RED
2025-12-17 09:03:44,28.6128953939718,63.1209063186458,999.270008189292,1.0082546538998238,NORMAL,2,N-2-824,10,HIGH_TEMP,2,RED
2025-12-17 09:03:45,28.27177396139609,63.42852781872028,989.097013272794,1.006478360106773,FRAGILE,3,F-3-987,9,HIGH_TEMP,2,RED
2025-12-17 09:03:46,28.99124510474993,62.942713291504354,990.2251922709972,1.009406186813046,NORMAL,1,N-1-643,5,HIGH_TEMP,2,RED
2025-12-17 09:03:47,28.8197388747383,63.5060162630501,1006.9969512423734,1.0162037190144906,NORMAL,2,N-2-596,7,HIGH_TEMP,2,RED
2025-12-17 09:03:48,28.51758846590226,65.61801320674462,1003.2347920312428,1.0045049532583818,NORMAL,1,N-1-248,5,HIGH_TEMP,2,RED
2025-12-17 09:03:49,28.54678756128524,64.79590028093119,996.6878438449796,1.006846070265082,NORMAL,1,N-1-737,5,HIGH_TEMP,2,RED
2025-12-17 09:03:50,28.819741894311463,64.68834727336073,993.6567236338728,1.014492295049539,NORMAL,2,N-2-746,7,HIGH_TEMP,2,RED
2025-12-17 09:03:51,28.90985844861372,62.7681957276866,980.793537015109,1.015573107030613,NORMAL,3,N-3-302,12,HIGH_TEMP,2,RED
2025-12-17 09:03:52,28.870224468987026,62.18453340648694,988.4331806505244,1.009689706327129,NORMAL,2,N-2-444,7,HIGH_TEMP,2,RED
2025-12-17 09:03:53,28.944563170594737,65.01823511829309,1012.2913526971178,1.00628284189242,NORMAL,2,N-2-880,7,HIGH_TEMP,2,RED
2025-12-17 09:03:54,29.401291560199,64.96624410183817,986.7563554319804,1.0162875305054275,NORMAL,2,N-2-312,10,HIGH_TEMP,2,RED
2025-12-17 09:03:55,29.252901072760768,65.92806955877698,998.5158385697688,1.0147833271752476,NORMAL,3,N-3-661,15,HIGH_TEMP,2,RED
2025-12-17 09:03:56,29.02876258373402,62.87998223830368,1005.0595517855616,1.0120368409632867,NORMAL,3,N-3-506,12,HIGH_TEMP,2,RED
2025-12-17 09:03:57,29.29409885984897,63.508519826324026,986.9606186559816,1.0075627929531878,NORMAL,1,N-1-520,5,HIGH_TEMP,2,RED
2025-12-17 09:03:58,28.742082293824684,61.46050619768342,998.4776837982488,1.009852911977486,FRAGILE,1,F-1-614,2,HIGH_TEMP,2,RED
2025-12-17 09:03:59,29.2113513591312,63.39791541448729,1004.5033243000852,1.0095189197568657,NORMAL,3,N-3-122,15,HIGH_TEMP,2,RED
2025-12-17 09:04:00,29.674898928331302,65.5483674715548,997.099994575258,1.010992553913847,NORMAL,1,N-1-207,5,HIGH_TEMP,2,RED
2025-12-17 09:04:01,29.106827034057872,63.42065826895035,1019.9472244453342,1.014353004314394,FRAGILE,3,F-3-328,9,HIGH_TEMP,2,RED
2025-12-17 09:04:02,28.95808440335407,65.1480106627009,983.6512059289744,1.0126382511234122,NORMAL,3,N-3-285,15,HIGH_TEMP,2,RED
2025-12-17 09:04:03,29.056881694626096,63.96842594300997,1005.469828239071,1.0067678717690458,FRAGILE,1,F-1-614,2,HIGH_TEMP,2,RED
2025-12-17 09:04:04,28.96575222926551,64.80715577644605,995.6175861008282,1.0141294893500583,NORMAL,1,N-1-582,5,HIGH_TEMP,2,RED
2025-12-17 09:04:05,29.09734734729413,62.66642278149724,1003.1753612386934,1.0109393964200395,NORMAL,2,N-2-572,7,HIGH_TEMP,2,RED
2025-12-17 09:04:06,29.26175726941965,64.58266367277861,1000.530457213594,1.0120611973875768,NORMAL,2,N-2-401,7,HIGH_TEMP,2,RED
2025-12-17 09:04:07,28.99137337250728,60.035035174083696,991.13475042312,1.0143996225778358,NORMAL,3,N-3-165,12,HIGH_TEMP,2,RED
2025-12-17 09:04:08,29.457862757709965,64.30828452529883,998.8319711396748,1.006665259251459,NORMAL,1,N-1-492,5,HIGH_TEMP,2,RED
2025-12-17 09:04:09,29.76399418892529,62.20980852907611,982.1367883888136,1.009892523263881,NORMAL,2,N-2-413,7,HIGH_TEMP,2,RED
2025-12-17 09:04:10,29.261117962009436,66.53139980157609,1001.8259800045712,1.0084056363459224,NORMAL,2,N-2-113,7,HIGH_TEMP,2,RED
2025-12-17 09:04:11,30.029363772410257,65.95540868800964,999.3852677279242,1.0052964217239035,FRAGILE,1,F-1-476,2,HIGH_TEMP,2,RED
2025-12-17 09:04:12,29.76695000114022,65.55619376391903,1002.1092813491448,1.011040129932815,NORMAL,3,N-3-834,12,HIGH_TEMP,2,RED
2025-12-17 09:04:13,29.96302032953337,67.20458626381598,1005.4649466006972,1.0175346696547534,NORMAL,3,N-3-310,12,HIGH_TEMP,2,RED
2025-12-17 09:04:14,29.496629566954727,63.56659177394668,999.9409587216776,1.0044797667664829,NORMAL,1,N-1-722,5,HIGH_TEMP,2,RED
2025-12-17 09:04:15,29.990471280494564,67.67790098416431,998.1847153583864,1.0099031581668516,NORMAL,1,N-1-635,5,HIGH_TEMP,2,RED
2025-12-17 09:04:16,29.4466673215202,66.52203316578857,989.9514533067096,1.0119216288052244,NORMAL,2,N-2-904,7,HIGH_TEMP,2,RED
2025-12-17 09:04:17,30.081455521153966,64.8358025206766,991.3022338908077,1.0103692346049686,NORMAL,2,N-2-970,10,HIGH_TEMP,2,RED
2025-12-17 09:04:18,29.906066852105283,66.96095530438646,1006.4938769614188,1.0096606158424528,NORMAL,1,N-1-871,5,HIGH_TEMP,2,RED
2025-12-17 09:04:19,30.060624195426875,63.664974447101606,1008.4906832456478,1.0061023509096625,NORMAL,1,N-1-372,5,HIGH_TEMP,2,RED
2025-12-17 09:04:20,29.5821042270082,64.15453310553458,995.0951165095036,1.0106983602288204,FRAGILE,3,F-3-320,9,HIGH_TEMP,2,RED
2025-12-17 09:04:21,29.706395435276885,64.54530939507356,997.368021978026,1.0077297080689522,NORMAL,2,N-2-840,7,HIGH_TEMP,2,RED
2025-12-17 09:04:22,30.194218632700096,64.7316170499441,989.7630850000498,1.0034302348850643,NORMAL,2,N-2-987,7,HIGH_TEMP,2,RED
2025-12-17 09:04:23,29.77067954522104,64.00713678000677,1006.3820547621395,1.0135837766615412,NORMAL,2,N-2-769,10,HIGH_TEMP,2,RED
2025-12-17 09:04:24,30.234279613382245,67.49348747689716,1002.3233345895344,1.012875157459526,NORMAL,2,N-2-287,7,HIGH_TEMP,2,RED
2025-12-17 09:04:25,29.725310163078653,65.33747090780646,1012.52973949171,1.0101549829305532,NORMAL,3,N-3-977,12,HIGH_TEMP,2,RED
2025-12-17 09:04:26,30.430037548080936,66.32139959300355,989.973415382562,1.0106872240646172,NORMAL,3,N-3-208,15,HIGH_TEMP,2,RED
2025-12-17 09:04:27,29.8459620691146,65.00400472295473,993.9759368078544,1.0132229540381468,FRAGILE,2,F-2-216,4,HIGH_TEMP,2,RED
2025-12-17 09:04:28,30.42154282411322,63.1955164538595,998.8515673802044,1.0106730189703343,FRAGILE,3,F-3-118,9,HIGH_TEMP,2,RED
2025-12-17 09:04:29,30.483675902167377,66.39839707437643,1002.1719163018062,1.012712052664284,NORMAL,1,N-1-282,5,HIGH_TEMP,2,RED
2025-12-17 09:04:30,30.12708885580892,63.191818205766666,995.2746588996188,1.0091075533973786,NORMAL,1,N-1-245,5,HIGH_TEMP,2,RED
2025-12-17 09:04:31,30.550862150727426,66.02413923187513,990.0163112763704,1.0139359512157218,NORMAL,3,N-3-862,15,HIGH_TEMP,2,RED
2025-12-17 09:04:32,30.494520638866287,64.14150737486115,1004.0512602313886,1.010962357177798,NORMAL,3,N-3-924,12,HIGH_TEMP,2,RED
2025-12-17 09:04:33,30.294869182272617,69.24178356406361,1002.7690829003648,1.0105821558308177,NORMAL,2,N-2-500,7,HIGH_TEMP,2,RED
2025-12-17 09:04:34,30.194089113171785,67.6948032805865,989.6698071954902,1.006189816733864,NORMAL,2,N-2-851,7,HIGH_TEMP,2,RED
2025-12-17 09:04:35,29.94800159015709,66.55327951633865,1007.843542408844,1.0108608675629052,NORMAL,3,N-3-809,15,HIGH_TEMP,2,RED
2025-12-17 09:04:36,30.681818091112984,68.35709847802046,1006.3615896735728,1.0075041352475167,FRAGILE,3,F-3-174,9,HIGH_TEMP,2,RED
2025-12-17 09:04:37,30.147616024778674,65.25895412744688,998.0743719779824,1.0080851518204146,NORMAL,3,N-3-499,12,HIGH_TEMP,2,RED
2025-12-17 09:04:38,30.6857938952839,67.41053679375764,997.6367828990084,1.0075538731150515,NORMAL,1,N-1-672,5,HIGH_TEMP,2,RED
2025-12-17 09:04:39,30.618289949891047,66.9619230084376,1001.4324621689271,1.0068012952043024,NORMAL,2,N-2-718,10,HIGH_TEMP,2,RED
2025-12-17 09:04:40,30.94120102661139,67.12512711196706,990.10637543795,1.0163743142090509,NORMAL,1,N-1-729,5,HIGH_TEMP,2,RED
2025-12-17 09:04:41,30.68697832339719,68.70451687223373,997.2402518333126,1.0139940171859652,NORMAL,1,N-1-976,5,HIGH_TEMP,2,RED
2025-12-17 09:04:42,30.718891416604237,67.96161440835031,979.7809316431266,1.0157611025064328,FRAGILE,3,F-3-525,9,HIGH_TEMP,2,RED
2025-12-17 09:04:43,31.077420743059065,67.36285138052516,1004.0116451640234,1.006331314941333,NORMAL,3,N-3-680,12,HIGH_TEMP,2,RED
2025-12-17 09:04:44,30.998510719762024,64.5143243640522,984.5080542204652,1.0102137612497326,NORMAL,1,N-1-148,5,HIGH_TEMP,2,RED
2025-12-17 09:04:45,31.032973877455834,65.62347570758247,1009.027358627432,1.0061194771243878,NORMAL,1,N-1-360,5,HIGH_TEMP,2,RED
2025-12-17 09:04:46,31.119041146507776,66.9463713822151,994.3590392482683,1.0079129153684088,NORMAL,2,N-2-737,7,HIGH_TEMP,2,RED
2025-12-17 09:04:47,30.5577230118673,67.3373829761307,995.3066641445506,1.0072456190497503,FRAGILE,3,F-3-740,9,HIGH_TEMP,2,RED
2025-12-17 09:04:48,31.28556503208974,65.56890845981185,991.978128751324,1.0137187520193247,NORMAL,1,N-1-908,5,HIGH_TEMP,2,RED
2025-12-17 09:04:49,31.282402845561943,70.9486186922974,994.6956890086234,1.0088113109656949,NORMAL,2,N-2-463,10,HIGH_TEMP,2,RED
2025-12-17 09:04:50,30.833791048049125,69.67258439391715,1008.3482507611844,1.013205138001082,FRAGILE,1,F-1-763,2,HIGH_TEMP,2,RED
2025-12-17 09:04:51,31.105705623784026,68.36806042373253,977.0975307477194,1.0118123626687656,FRAGILE,1,F-1-507,2,HIGH_TEMP,2,RED
2025-12-17 09:04:52,31.20727135886221,67.63982786717646,1007.2157230887055,1.0169109162563144,NORMAL,2,N-2-319,10,HIGH_TEMP,2,RED
2025-12-17 09:04:53,31.218848289094197,67.28034875250613,999.7041878488136,1.005561667330581,NORMAL,3,N-3-319,15,HIGH_TEMP,2,RED
2025-12-17 09:04:54,31.399489093649493,66.23767414943153,987.3438268171424,1.0137776997193604,NORMAL,2,N-2-947,10,HIGH_TEMP,2,RED
2025-12-17 09:04:55,31.7688749174925,67.8486622493502,988.397500855606,1.0134393226112022,NORMAL,2,N-2-828,10,HIGH_TEMP,2,RED
2025-12-17 09:04:56,31.704128680509207,68.18595991389304,1010.4111442176657,1.0070798634859188,NORMAL,1,N-1-940,5,HIGH_TEMP,2,RED
2025-12-17 09:04:57,31.026066683442156,66.00357987256352,989.4359449604582,1.0130214000094195,FRAGILE,1,F-1-718,2,HIGH_TEMP,2,RED
2025-12-17 09:04:58,31.6464872178276,68.43437499376033,987.7731959152323,1.0110084348890789,NORMAL,2,N-2-540,7,HIGH_TEMP,2,RED
2025-12-17 09:04:59,31.898679995860626,67.76711142676288,1006.098516338918,1.00931757122014,NORMAL,1,N-1-618,5,HIGH_TEMP,2,RED
2025-12-17 14:00:00,19.3764096769542,46.88776250647844,998.9492577896216,1.011521060816406,FRAGILE,2,F-2-771,4,WATER_LEAK,0,GREEN
2025-12-17 14:00:01,19.39213358228262,47.73987941289276,988.2783327456044,1.0098278139047778,NORMAL,2,N-2-571,7,WATER_LEAK,0,GREEN
2025-12-17 14:00:02,19.80747181436789,51.33813905165266,989.1156831942326,1.0058136544857348,FRAGILE,1,F-1-525,2,WATER_LEAK,0,GREEN
2025-12-17 14:00:03,19.50010242284362,46.114883988416246,989.2420502429226,1.0078762671779775,NORMAL,2,N-2-995,7,WATER_LEAK,0,GREEN
2025-12-17 14:00:04,19.61731950022972,51.229557581419705,997.8842825397916,1.0092117597569406,NORMAL,2,N-2-413,7,WATER_LEAK,0,GREEN
2025-12-17 14:00:05,19.381365092749867,47.35594369101588,991.989477790536,1.0052123180942776,NORMAL,1,N-1-230,5,WATER_LEAK,0,GREEN
2025-12-17 14:00:06,19.383022058066757,50.65086421819016,1000.952511351804,1.0077829140259302,NORMAL,1,N-1-404,5,WATER_LEAK,0,GREEN
2025-12-17 14:00:07,19.662297721387493,45.18636998100492,974.1629866967648,1.01195699101453,NORMAL,1,N-1-952,5,WATER_LEAK,0,GREEN
2025-12-17 14:00:08,19.29756356826727,49.1718084023293,990.1451850789776,1.0142819160928676,FRAGILE,2,F-2-544,4,WATER_LEAK,0,GREEN
2025-12-17 14:00:09,19.43771793481421,46.526459728104754,987.9915683127116,1.0087416957420243,NORMAL,1,N-1-728,5,WATER_LEAK,0,GREEN
2025-12-17 14:00:10,19.505104111660835,45.169465616151626,994.94927457302,1.0122694650629482,NORMAL,2,N-2-426,7,WATER_LEAK,0,GREEN
2025-12-17 14:00:11,19.516705890276008,48.43706808482189,992.6956179320788,1.0042578197882377,NORMAL,2,N-2-692,7,WATER_LEAK,0,GREEN
2025-12-17 14:00:12,19.47313600724757,50.01894357719194,1003.3827502391662,1.0119783537233409,NORMAL,2,N-2-453,10,WATER_LEAK,0,GREEN
2025-12-17 14:00:13,19.55937296716439,46.31011712281301,982.1253058267196,1.0075881547558176,NORMAL,2,N-2-780,7,WATER_LEAK,0,GREEN
2025-12-17 14:00:14,19.60392836337267,45.0019680790832,997.363931810646,1.010922036850124,FRAGILE,1,F-1-628,2,WATER_LEAK,0,GREEN
2025-12-17 14:00:15,19.6101956318189,47.81631047133009,1001.4666913856936,1.009256742745281,NORMAL,2,N-2-297,10,WATER_LEAK,0,GREEN
2025-12-17 14:00:16,19.352129428699826,47.82512934244564,1011.8531794924957,1.0139612420293516,NORMAL,2,N-2-952,7,WATER_LEAK,0,GREEN
2025-12-17 14:00:17,19.45737673531068,49.096639255109,993.1458722312522,1.0073766930549803,FRAGILE,1,F-1-211,2,WATER_LEAK,0,GREEN
2025-12-17 14:00:18,19.67921442928154,49.89918914272898,999.59566883482,1.0118828188926856,FRAGILE,1,F-1-197,2,WATER_LEAK,0,GREEN
2025-12-17 14:00:19,19.63419707813608,47.88116963745501,982.569097659501,1.0091614776101103,NORMAL,2,N-2-736,7,WATER_LEAK,0,GREEN
2025-12-17 14:00:20,19.29407108227784,51.711006629588525,977.864350365496,1.009525083565971,NORMAL,1,N-1-443,5,WATER_LEAK,0,GREEN
2025-12-17 14:00:21,19.55272198505283,48.44846948907058,1003.7581950062536,1.0094484383205224,NORMAL,1,N-1-670,5,WATER_LEAK,0,GREEN
2025-12-17 14:00:22,19.20326621259378,47.3071469879862,996.9555176508154,1.0074629806865176,FRAGILE,2,F-2-342,4,WATER_LEAK,0,GREEN
2025-12-17 14:00:23,19.507040235309056,44.77686528179434,1006.4281015183874,1.00995770310228,NORMAL,1,N-1-131,5,WATER_LEAK,0,GREEN
2025-12-17 14:00:24,19.784665052511897,47.47468095936767,986.012776888242,1.0098120553336345,FRAGILE,1,F-1-253,2,WATER_LEAK,0,GREEN
2025-12-17 14:00:25,19.357816092409653,47.32722610917773,1001.15921711623,1.0107237207452202,FRAGILE,1,F-1-983,2,WATER_LEAK,0,GREEN
2025-12-17 14:00:26,19.374851543176263,49.92060959256294,1011.9505427243508,1.0102535154370786,NORMAL,2,N-2-843,10,WATER_LEAK,0,GREEN
2025-12-17 14:00:27,19.614604467235928,48.92496724813371,1000.357644866858,1.0123939836488367,FRAGILE,1,F-1-727,2,WATER_LEAK,0,GREEN
2025-12-17 14:00:28,19.268579772718557,45.64126175673477,999.2126520447284,1.012770525848142,NORMAL,2,N-2-480,10,WATER_LEAK,0,GREEN
2025-12-17 14:00:29,19.405086745517245,48.34450877282208,997.0684486465948,1.006848130034517,NORMAL,1,N-1-895,5,WATER_LEAK,0,GREEN
2025-12-17 14:00:30,19.589466170637262,49.34306234345811,984.4329483429927,1.0126063175017723,NORMAL,2,N-2-165,7,WATER_LEAK,0,GREEN
2025-12-17 14:00:31,19.40485712284659,51.056062718775664,1007.8445834856828,1.0064409907186704,NORMAL,1,N-1-998,5,WATER_LEAK,0,GREEN
2025-12-17 14:00:32,19.464604501918355,49.77500793482812,992.1131388815596,1.0117635676644132,NORMAL,2,N-2-653,10,WATER_LEAK,0,GREEN
2025-12-17 14:00:33,19.61162785654725,49.52169330862296,1001.035866051064,1.0118592163541087,NORMAL,2,N-2-778,7,WATER_LEAK,0,GREEN
2025-12-17 14:00:34,19.563231912530483,48.12017198923033,984.49572554743,1.0042660493250124,NORMAL,2,N-2-478,7,WATER_LEAK,0,GREEN
2025-12-17 14:00:35,19.54002275944431,48.7766240108469,987.5643226839378,1.0102789377395882,NORMAL,2,N-2-808,10,WATER_LEAK,0,GREEN
2025-12-17 14:00:36,19.449131658109494,50.49900980141232,1008.480699193778,1.008594511659919,NORMAL,1,N-1-367,5,WATER_LEAK,0,GREEN
2025-12-17 14:00:37,19.555509167290342,45.3344452050407,994.2215816883372,1.007723704226194,NORMAL,2,N-2-607,10,WATER_LEAK,0,GREEN
2025-12-17 14:00:38,19.48144009798504,47.30112134556609,1008.6262038083404,1.014052556992097,NORMAL,2,N-2-584,7,WATER_LEAK,0,GREEN
2025-12-17 14:00:39,19.568670841488867,46.45486250248752,996.3741547275318,1.0080389625780877,NORMAL,1,N-1-658,5,WATER_LEAK,0,GREEN
2025-12-17 14:00:40,19.425460196232304,48.758306237452246,982.2648178163372,1.0075808692126458,FRAGILE,1,F-1-203,2,WATER_LEAK,0,GREEN
2025-12-17 14:00:41,19.47261465384307,50.460444351301575,1004.1365407978536,1.0102270848200152,NORMAL,2,N-2-567,10,WATER_LEAK,0,GREEN
2025-12-17 14:00:42,19.3515063311172,46.80605142655785,992.2808614579552,1.012056769238895,NORMAL,2,N-2-874,7,WATER_LEAK,0,GREEN
2025-12-17 14:00:43,19.494748858499065,43.21939126506113,1002.5895105081364,1.0095750542419697,FRAGILE,2,F-2-358,4,WATER_LEAK,0,GREEN
2025-12-17 14:00:44,19.378349870455672,47.17555850995106,997.2016869403208,1.0134991116370078,NORMAL,1,N-1-139,5,WATER_LEAK,0,GREEN
2025-12-17 14:00:45,19.332893032475702,49.82694746403482,984.655054176457,1.0115929269858923,NORMAL,2,N-2-228,10,WATER_LEAK,0,GREEN
2025-12-17 14:00:46,19.538799172178308,49.07525980589976,998.3143581229646,1.0034653660408055,NORMAL,1,N-1-712,5,WATER_LEAK,0,GREEN
2025-12-17 14:00:47,19.53191096637865,48.85637249562115,1014.5697851372224,1.008411599109479,NORMAL,2,N-2-718,7,WATER_LEAK,0,GREEN
2025-12-17 14:00:48,19.61743106024229,47.44001339625104,1000.9438916681156,1.008314473701945,NORMAL,1,N-1-465,5,WATER_LEAK,0,GREEN
2025-12-17 14:00:49,19.43533116456373,45.44193852756042,996.5398579759564,1.0114380828602882,FRAGILE,2,F-2-748,4,WATER_LEAK,0,GREEN
2025-12-17 14:00:50,19.561207927025517,49.03058864324893,1005.6027472156552,1.0021255488308776,NORMAL,2,N-2-986,7,WATER_LEAK,0,GREEN
2025-12-17 14:00:51,19.58261963584105,46.33143637993075,998.6853477216248,1.0176470291261532,FRAGILE,2,F-2-208,4,WATER_LEAK,0,GREEN
2025-12-17 14:00:52,19.56671607117474,52.368193466760914,998.6762738421024,1.0115930782846827,NORMAL,1,N-1-769,5,WATER_LEAK,0,GREEN
2025-12-17 14:00:53,19.37615194757968,49.14101441670904,988.2669986227272,1.010446630411753,NORMAL,1,N-1-201,5,WATER_LEAK,0,GREEN
2025-12-17 14:00:54,19.52240452234068,46.8387033948921,998.8707842063168,1.0135447031492577,NORMAL,2,N-2-346,7,WATER_LEAK,0,GREEN
2025-12-17 14:00:55,19.5546210444082,46.77722950522274,1005.2835473313356,1.017030962158438,NORMAL,2,N-2-636,10,WATER_LEAK,0,GREEN
2025-12-17 14:00:56,19.501076770036192,47.814111586772825,990.3115027831998,1.0126122399337651,NORMAL,1,N-1-892,5,WATER_LEAK,0,GREEN
2025-12-17 14:00:57,19.187028351244336,47.5209961559565,1008.3959665699756,1.012846439289415,FRAGILE,2,F-2-481,4,WATER_LEAK,0,GREEN
2025-12-17 14:00:58,19.524073443596023,50.23366755105991,996.266351806839,1.010392070073393,NORMAL,2,N-2-800,7,WATER_LEAK,0,GREEN
2025-12-17 14:00:59,19.831879655909585,48.37283233948809,989.8978439076916,1.0095754227398992,FRAGILE,2,F-2-471,4,WATER_LEAK,0,GREEN
2025-12-17 14:01:00,19.445994109686453,46.53673652218294,1004.981056615362,1.0085726136679851,NORMAL,2,N-2-310,7,WATER_LEAK,0,GREEN
2025-12-17 14:01:01,19.390788435321703,51.78088137031156,994.7056461140938,1.0075216640248563,NORMAL,2,N-2-494,10,WATER_LEAK,0,GREEN
2025-12-17 14:01:02,19.55600228395671,48.098616663040445,1003.0761190998888,1.0079389577009017,NORMAL,2,N-2-975,7,WATER_LEAK,0,GREEN
2025-12-17 14:01:03,19.546856731569985,49.5376793519378,994.6659309419316,1.005948332106971,NORMAL,1,N-1-325,5,WATER_LEAK,0,GREEN
2025-12-17 14:01:04,19.678910274812463,46.78354698511048,996.5213908517608,1.009772385647945,NORMAL,2,N-2-575,7,WATER_LEAK,0,GREEN
2025-12-17 14:01:05,19.311319776613665,48.72623125548905,1000.9484816346744,1.0049459972683208,NORMAL,2,N-2-376,10,WATER_LEAK,0,GREEN
2025-12-17 14:01:06,19.60970703788625,48.62221998228639,999.32717646072,1.010572749572431,NORMAL,2,N-2-289,7,WATER_LEAK,0,GREEN
2025-12-17 14:01:07,19.58856330918772,44.220701415807696,981.035745756386,1.009891008175873,NORMAL,1,N-1-791,5,WATER_LEAK,0,GREEN
2025-12-17 14:01:08,19.47867801945892,52.03055022092128,988.0300500792448,1.0104408058951602,NORMAL,2,N-2-437,10,WATER_LEAK,0,GREEN
2025-12-17 14:01:09,19.55080309768825,50.58128892184509,1004.4352798783264,1.00843360528994,NORMAL,2,N-2-378,7,WATER_LEAK,0,GREEN
2025-12-17 14:01:10,19.654418622239756,47.20560936770802,995.9429072887876,1.0192305811105415,NORMAL,2,N-2-372,7,WATER_LEAK,0,GREEN
2025-12-17 14:01:11,19.630847307004267,45.79546051908829,992.8101495778286,1.014080347700541,FRAGILE,1,F-1-961,2,WATER_LEAK,0,GREEN
2025-12-17 14:01:12,19.328547103188946,48.69512322760711,986.1314078779402,1.0062663724997458,NORMAL,1,N-1-388,5,WATER_LEAK,0,GREEN
2025-12-17 14:01:13,19.62302372801332,48.1733953988288,988.3621094297932,1.0106986042622808,NORMAL,2,N-2-165,7,WATER_LEAK,0,GREEN
2025-12-17 14:01:14,19.49029670924512,48.711337897126455,980.8256108803045,1.008175981571188,FRAGILE,1,F-1-255,2,WATER_LEAK,0,GREEN
2025-12-17 14:01:15,19.510931114702327,48.383154792388176,996.1897542503878,1.0069565608198778,NORMAL,1,N-1-300,5,WATER_LEAK,0,GREEN
2025-12-17 14:01:16,19.51097954865025,49.01248197861185,992.2124993553516,1.0059797837866282,NORMAL,2,N-2-858,10,WATER_LEAK,0,GREEN
2025-12-17 14:01:17,19.477463551680263,50.89461139878361,989.2672968721176,1.0112966500722778,NORMAL,1,N-1-678,5,WATER_LEAK,0,GREEN
2025-12-17 14:01:18,19.67875612456606,49.136206410257294,996.4550125986564,1.0079558592947913,FRAGILE,2,F-2-914,4,WATER_LEAK,0,GREEN
2025-12-17 14:01:19,19.48744230602262,45.90068900218012,999.911765046822,1.0129034780720756,NORMAL,2,N-2-632,7,WATER_LEAK,0,GREEN
2025-12-17 14:01:20,19.332068080742523,50.7251257054249,1013.7455834576796,1.0129813466435913,FRAGILE,1,F-1-401,2,WATER_LEAK,0,GREEN
2025-12-17 14:01:21,19.44097052160454,51.28122912697658,984.9049326434942,1.0141217431556344,FRAGILE,2,F-2-559,4,WATER_LEAK,0,GREEN
2025-12-17 14:01:22,19.52680420752157,54.30411346902417,1006.2750483464042,1.0074428397017776,FRAGILE,1,F-1-966,2,WATER_LEAK,0,GREEN
2025-12-17 14:01:23,19.68438221764456,45.7530119335208,1004.7848124881206,1.011426096832076,NORMAL,2,N-2-309,7,WATER_LEAK,0,GREEN
2025-12-17 14:01:24,19.590464202742325,48.48576402630055,990.7672580849865,1.0118973626499268,FRAGILE,1,F-1-350,2,WATER_LEAK,0,GREEN
2025-12-17 14:01:25,19.372419708187945,43.83580259362203,998.6258876366884,1.0085774654746882,NORMAL,1,N-1-702,5,WATER_LEAK,0,GREEN
2025-12-17 14:01:26,19.872778487501837,49.10629831275842,993.338934005299,1.0076846841278213,NORMAL,2,N-2-649,7,WATER_LEAK,0,GREEN
2025-12-17 14:01:27,19.5397162966467,46.903599403666455,998.48550864335,1.0148285619973278,FRAGILE,2,F-2-939,4,WATER_LEAK,0,GREEN
2025-12-17 14:01:28,19.691308610699853,51.84689158964991,1009.0730481072364,1.0106824876271965,NORMAL,2,N-2-641,7,WATER_LEAK,0,GREEN
2025-12-17 14:01:29,19.477242834963416,46.45077005996284,1001.8448498610504,1.0119079032521352,NORMAL,1,N-1-695,5,WATER_LEAK,0,GREEN
2025-12-17 14:01:30,19.580003886705818,44.62163392406548,1001.0688669858675,1.0075337719645163,NORMAL,1,N-1-955,5,WATER_LEAK,0,GREEN
2025-12-17 14:01:31,19.62592027567776,47.05747251859496,993.5575254403628,1.0063421466004334,FRAGILE,2,F-2-826,4,WATER_LEAK,0,GREEN
2025-12-17 14:01:32,19.68272920676314,44.04902445756572,985.1275466806052,1.0082916506765236,FRAGILE,2,F-2-182,4,WATER_LEAK,0,GREEN
2025-12-17 14:01:33,19.658605245806733,49.50219890901462,995.3322543156768,1.00962793583783,FRAGILE,2,F-2-525,4,WATER_LEAK,0,GREEN
2025-12-17 14:01:34,19.630829550010947,43.86983390748736,1006.6528652389112,1.006807339979548,FRAGILE,1,F-1-272,2,WATER_LEAK,0,GREEN
2025-12-17 14:01:35,19.452736990320883,48.05691516236632,984.7826571472827,1.009970465574049,FRAGILE,1,F-1-172,2,WATER_LEAK,0,GREEN
2025-12-17 14:01:36,19.41423809370659,43.844376360287605,988.5592850545864,1.0049344844357946,FRAGILE,1,F-1-732,2,WATER_LEAK,0,GREEN
2025-12-17 14:01:37,19.54989112654863,47.35940439092671,998.0101418898726,1.0066398577325903,NORMAL,2,N-2-497,7,WATER_LEAK,0,GREEN
2025-12-17 14:01:38,19.63996921085116,51.28675631160907,989.122761721222,1.0120127337448306,NORMAL,2,N-2-928,7,WATER_LEAK,0,GREEN
2025-12-17 14:01:39,19.46659189488351,48.72129578287159,990.6598124230784,1.0118113715608337,NORMAL,2,N-2-385,10,WATER_LEAK,0,GREEN
2025-12-17 14:01:40,19.65977579485716,46.27301279007013,287.0423687789861,1.0088243697038397,NORMAL,1,N-1-475,5,WATER_LEAK,2,RED
2025-12-17 14:01:41,19.717892511822928,47.93759302212183,356.2486495504155,1.0069467070727691,NORMAL,2,N-2-302,10,WATER_LEAK,2,RED
2025-12-17 14:01:42,19.362551862138982,48.03603374408889,398.1039836716512,1.006917789345422,NORMAL,1,N-1-433,5,WATER_LEAK,2,RED
2025-12-17 14:01:43,19.37446189443056,48.94526069168681,378.7016069563597,1.008880195262176,NORMAL,2,N-2-167,7,WATER_LEAK,2,RED
2025-12-17 14:01:44,19.4789437411642,45.26628327343835,234.471504394276,1.0119335554749358,FRAGILE,2,F-2-972,4,WATER_LEAK,2,RED
2025-12-17 14:01:45,19.54614190022838,49.18513454769466,284.77943534745714,1.012784737074033,NORMAL,1,N-1-731,5,WATER_LEAK,2,RED
2025-12-17 14:01:46,19.421314947934945,42.59121673679445,279.2901176730122,1.008510404793554,FRAGILE,1,F-1-115,2,WATER_LEAK,2,RED
2025-12-17 14:01:47,19.70283040183007,46.740230895272376,329.3552721045796,1.0065395227220455,FRAGILE,1,F-1-531,2,WATER_LEAK,2,RED
2025-12-17 14:01:48,19.563610029227767,47.02345231509691,341.181213300872,1.010803530913599,NORMAL,2,N-2-878,7,WATER_LEAK,2,RED
2025-12-17 14:01:49,19.50591705723611,49.26665365214248,249.6664395584558,1.0075293950881226,NORMAL,2,N-2-568,7,WATER_LEAK,2,RED
2025-12-17 14:01:50,19.28461357141972,48.04526170535374,304.07031083501624,1.0084452420834165,FRAGILE,1,F-1-403,2,WATER_LEAK,2,RED
2025-12-17 14:01:51,19.302627627535877,45.18887389228743,178.80436007063182,1.0139758282713112,NORMAL,2,N-2-783,10,WATER_LEAK,2,RED
2025-12-17 14:01:52,19.542151387542276,46.03001374836597,386.5167003481134,1.0124813462856974,FRAGILE,1,F-1-300,2,WATER_LEAK,2,RED
2025-12-17 14:01:53,19.18011065607677,48.39736001909481,269.2575455593984,1.0104739229367543,NORMAL,1,N-1-134,5,WATER_LEAK,2,RED
2025-12-17 14:01:54,19.65189561144661,47.84186531627089,303.3518363906698,1.006184242996662,NORMAL,1,N-1-579,5,WATER_LEAK,2,RED
2025-12-17 14:01:55,19.47627692334415,46.84175178072851,281.4210171607163,1.010634189702412,NORMAL,1,N-1-442,5,WATER_LEAK,2,RED
2025-12-17 14:01:56,19.98646394543921,47.03833242097604,368.76165450080487,1.0131879718723626,NORMAL,1,N-1-537,5,WATER_LEAK,2,RED
2025-12-17 14:01:57,19.846187437592416,49.39233599431858,129.74961351615727,1.0088730990027035,NORMAL,2,N-2-626,7,WATER_LEAK,2,RED
2025-12-17 14:01:58,19.472782639612877,46.96461485426157,299.00337946044544,1.0140533422699602,NORMAL,1,N-1-919,5,WATER_LEAK,2,RED
2025-12-17 14:01:59,19.484049449620304,47.823817511941854,293.65087455013816,1.0138782358685543,NORMAL,1,N-1-632,5,WATER_LEAK,2,RED
2025-12-17 14:02:00,19.649337227100304,52.339873176161085,272.78181674449905,1.0149911984964304,NORMAL,1,N-1-604,5,WATER_LEAK,2,RED
2025-12-17 14:02:01,19.755475891487706,45.15263472623215,403.573592738138,1.010915729379594,FRAGILE,1,F-1-922,2,WATER_LEAK,2,RED
2025-12-17 14:02:02,19.2542956413846,44.29631453685068,246.76023246865373,1.011762175099418,NORMAL,1,N-1-871,5,WATER_LEAK,2,RED
2025-12-17 14:02:03,19.2320436801968,49.56717932959722,346.3077706341397,1.0142425618649933,NORMAL,2,N-2-678,7,WATER_LEAK,2,RED
2025-12-17 14:02:04,19.40669477916684,46.64271387741179,321.37516732236503,1.011342181811207,NORMAL,2,N-2-261,10,WATER_LEAK,2,RED
2025-12-17 14:02:05,19.58741063747608,47.36352494451476,375.6911551521309,1.0084962976766294,FRAGILE,1,F-1-868,2,WATER_LEAK,2,RED
2025-12-17 14:02:06,19.57453103857614,46.43768724373777,259.96865491334967,1.0086543714904164,NORMAL,2,N-2-361,7,WATER_LEAK,2,RED
2025-12-17 14:02:07,19.66046571824758,47.48039971846497,256.02186605257447,1.0107156648613211,NORMAL,2,N-2-672,10,WATER_LEAK,2,RED
2025-12-17 14:02:08,19.32004537074521,51.197076224192685,365.76419444864393,1.0061283157341614,NORMAL,2,N-2-382,7,WATER_LEAK,2,RED
2025-12-17 14:02:09,19.15257842055467,49.60425691723624,325.5192784998066,1.0095702232539074,NORMAL,2,N-2-461,10,WATER_LEAK,2,RED
2025-12-17 14:02:10,19.628702129295323,49.72444702377396,207.30375919939448,1.0132896413546908,NORMAL,1,N-1-720,5,WATER_LEAK,2,RED
2025-12-17 14:02:11,19.375770559055216,45.16754588841471,267.64169913220377,1.0034262384465042,FRAGILE,1,F-1-241,2,WATER_LEAK,2,RED
2025-12-17 14:02:12,19.197226820341704,45.69769252689426,323.1829592308837,1.0146034463053837,NORMAL,1,N-1-951,5,WATER_LEAK,2,RED
2025-12-17 14:02:13,19.52175956189391,42.321842681029146,350.2658532927953,1.0133671226561094,NORMAL,2,N-2-800,7,WATER_LEAK,2,RED
2025-12-17 14:02:14,19.618976353232803,46.38123835783449,259.2461608084227,1.0086207061525083,FRAGILE,2,F-2-980,4,WATER_LEAK,2,RED
2025-12-17 14:02:15,19.481691430181808,49.91340637277132,125.14464061098354,1.0116301724836154,NORMAL,2,N-2-503,7,WATER_LEAK,2,RED
2025-12-17 14:02:16,19.431322742072627,49.03389303149674,331.393391144222,1.010009443180719,NORMAL,2,N-2-906,10,WATER_LEAK,2,RED
2025-12-17 14:02:17,19.476095665178114,47.55697347409576,226.78075860336145,1.013689971105316,NORMAL,1,N-1-803,5,WATER_LEAK,2,RED
2025-12-17 14:02:18,19.44441258563988,47.95539943256389,178.9596721126553,1.0129480494283098,NORMAL,2,N-2-921,7,WATER_LEAK,2,RED
2025-12-17 14:02:19,19.29779293320897,46.62222891484919,130.06044450095155,1.005799787830451,NORMAL,2,N-2-443,10,WATER_LEAK,2,RED
2025-12-17 14:02:20,19.392797898451438,48.40951776480357,348.83885161186447,1.0117617872403926,NORMAL,1,N-1-628,5,WATER_LEAK,2,RED
2025-12-17 14:02:21,19.57819198575207,49.53175655896123,307.717047024298,1.0093831164390703,NORMAL,2,N-2-670,7,WATER_LEAK,2,RED
2025-12-17 14:02:22,19.548251781206478,44.76822642517905,286.4606171572649,1.0102484977115542,NORMAL,1,N-1-650,5,WATER_LEAK,2,RED
2025-12-17 14:02:23,19.525208970895022,48.59929537567469,383.3414617777657,1.0078154842970906,FRAGILE,1,F-1-593,2,WATER_LEAK,2,RED
2025-12-17 14:02:24,19.350727727721992,49.86486974190933,338.2394809813844,1.0152444112073624,NORMAL,1,N-1-226,5,WATER_LEAK,2,RED
2025-12-17 14:02:25,19.47277452567965,47.16979942207326,396.978002563315,1.0131201854597078,NORMAL,2,N-2-267,10,WATER_LEAK,2,RED
2025-12-17 14:02:26,19.17344024303357,49.40140122424117,216.4358716699802,1.0077806865080812,NORMAL,2,N-2-683,7,WATER_LEAK,2,RED
2025-12-17 14:02:27,19.526771499582807,53.629308888945104,297.9269625627622,1.0059961681792693,NORMAL,2,N-2-208,7,WATER_LEAK,2,RED
2025-12-17 14:02:28,19.71432865617204,47.79131441402622,202.99719750311917,1.0088429821070664,NORMAL,2,N-2-400,7,WATER_LEAK,2,RED
2025-12-17 14:02:29,19.278880180193685,48.786614100010645,286.237060088672,1.011303507938274,FRAGILE,2,F-2-349,4,WATER_LEAK,2,RED
2025-12-17 14:02:30,19.41211084900233,46.523885832677216,285.08304877399934,1.0107206175318386,NORMAL,1,N-1-958,5,WATER_LEAK,2,RED
2025-12-17 14:02:31,19.54936601680652,48.3625023252041,337.59681823578427,1.0137593984743047,NORMAL,2,N-2-530,10,WATER_LEAK,2,RED
2025-12-17 14:02:32,19.687926395164123,48.92054324996461,302.7338328685139,1.0123697591665426,NORMAL,1,N-1-951,5,WATER_LEAK,2,RED
2025-12-17 14:02:33,19.432766307554974,48.38968468054028,337.40442829679495,1.0129087070772589,NORMAL,2,N-2-423,10,WATER_LEAK,2,RED
2025-12-17 14:02:34,19.39616245061012,45.96060936058229,342.20640798833364,1.0109805662018314,NORMAL,2,N-2-519,7,WATER_LEAK,2,RED
2025-12-17 14:02:35,19.204661528637587,48.4127235426509,429.2957206429885,1.005832103809367,NORMAL,2,N-2-850,10,WATER_LEAK,2,RED
2025-12-17 14:02:36,19.515515719396216,50.92439187743528,281.08220068283254,1.0094129044065594,NORMAL,2,N-2-212,7,WATER_LEAK,2,RED
2025-12-17 14:02:37,19.80631140602156,48.897271529029055,243.53863796001724,1.013180269219726,NORMAL,1,N-1-854,5,WATER_LEAK,2,RED
2025-12-17 14:02:38,19.541603769294703,49.92397437814368,314.76501691898454,1.009845431214426,FRAGILE,1,F-1-869,2,WATER_LEAK,2,RED
2025-12-17 14:02:39,19.496658153122443,47.525976059974745,251.8631983716274,1.0115092711058713,FRAGILE,1,F-1-301,2,WATER_LEAK,2,RED
2025-12-17 14:02:40,19.54831234661505,49.49980047884742,388.91764610619214,1.0090437550542617,FRAGILE,2,F-2-365,4,WATER_LEAK,2,RED
2025-12-17 14:02:41,19.49833619940771,48.55853567643305,283.00691766328606,1.0069105644543743,NORMAL,2,N-2-217,7,WATER_LEAK,2,RED
2025-12-17 14:02:42,19.37804784416098,46.09817854062553,266.0654179275606,1.0096299678078615,FRAGILE,1,F-1-639,2,WATER_LEAK,2,RED
2025-12-17 14:02:43,19.623491987351656,48.63704200959775,271.7210567309329,1.010927142329098,FRAGILE,1,F-1-766,2,WATER_LEAK,2,RED
2025-12-17 14:02:44,19.53386422846676,46.01660667311938,343.10504540829845,1.0080329368416157,FRAGILE,1,F-1-777,2,WATER_LEAK,2,RED
2025-12-17 14:02:45,19.50264198779005,46.73423945023042,290.53518100611086,1.00929286626543,NORMAL,1,N-1-395,5,WATER_LEAK,2,RED
2025-12-17 14:02:46,19.35369509590826,48.37865661458475,261.4999907921771,1.007181610274042,NORMAL,2,N-2-367,10,WATER_LEAK,2,RED
2025-12-17 14:02:47,19.69552618979021,48.594488546760246,399.92111505741184,1.0133577347526923,NORMAL,1,N-1-410,5,WATER_LEAK,2,RED
2025-12-17 14:02:48,19.599705411799967,45.62153506984574,248.629809560295,1.0091166327272358,NORMAL,1,N-1-456,5,WATER_LEAK,2,RED
2025-12-17 14:02:49,19.417061874394903,50.10797154236575,302.13396444197963,1.0143582666353783,FRAGILE,1,F-1-226,2,WATER_LEAK,2,RED
2025-12-17 14:02:50,19.65027372805229,49.14401255660095,339.1383690966138,1.0145862435516226,NORMAL,1,N-1-507,5,WATER_LEAK,2,RED
2025-12-17 14:02:51,19.425364374242218,46.59054312877823,202.1198933749756,1.0097568621058348,NORMAL,1,N-1-376,5,WATER_LEAK,2,RED
2025-12-17 14:02:52,19.382699476123346,44.92483040710165,328.8156300843555,1.006974653802358,FRAGILE,2,F-2-519,4,WATER_LEAK,2,RED
2025-12-17 14:02:53,19.38604453237796,47.71019084183714,236.69353947117304,1.0037423063668,NORMAL,1,N-1-172,5,WATER_LEAK,2,RED
2025-12-17 14:02:54,19.234339717036782,47.10811257227768,349.36696685004017,1.0055838887809196,FRAGILE,1,F-1-129,2,WATER_LEAK,2,RED
2025-12-17 14:02:55,19.57073135706273,48.22628091410605,242.24093928486144,1.005878495525304,NORMAL,2,N-2-899,10,WATER_LEAK,2,RED
2025-12-17 14:02:56,19.22532826824925,47.27376667768887,341.5661419109316,1.0141354088823846,NORMAL,1,N-1-271,5,WATER_LEAK,2,RED
2025-12-17 14:02:57,19.315733425310132,43.98508627850998,366.3499839776828,1.0103474737616809,FRAGILE,1,F-1-122,2,WATER_LEAK,2,RED
2025-12-17 14:02:58,19.18866179863822,47.22330612339768,351.6861915379683,1.011168813572276,FRAGILE,2,F-2-771,4,WATER_LEAK,2,RED
2025-12-17 14:02:59,19.487089546081368,47.38876177786337,315.07899889428614,1.0033387369731943,NORMAL,2,N-2-217,7,WATER_LEAK,2,RED
2025-12-17 14:03:00,19.47745193095922,49.26732204954812,286.12194342421805,1.0064061007123482,NORMAL,2,N-2-778,7,WATER_LEAK,2,RED
2025-12-17 14:03:01,19.450995568022044,46.6036006507779,265.4148254199094,1.0126612393293388,NORMAL,2,N-2-106,10,WATER_LEAK,2,RED
2025-12-17 14:03:02,19.34361334579941,51.35734934674513,388.2620814490263,1.0108603223371475,NORMAL,2,N-2-932,10,WATER_LEAK,2,RED
2025-12-17 14:03:03,19.324164936984506,44.176718898696485,258.0302867899414,1.0095583841639433,FRAGILE,1,F-1-886,2,WATER_LEAK,2,RED
2025-12-17 14:03:04,19.569655479531985,50.62233499560525,237.77603558580023,1.0116945270758004,NORMAL,1,N-1-518,5,WATER_LEAK,2,RED
2025-12-17 14:03:05,19.417417210243727,47.55136205824379,339.9221361019698,1.0149073934184074,NORMAL,1,N-1-574,5,WATER_LEAK,2,RED
2025-12-17 14:03:06,19.54745374823042,49.71916974468712,252.23179180881027,1.0093368726093888,NORMAL,2,N-2-980,7,WATER_LEAK,2,RED
2025-12-17 14:03:07,19.367212697081367,48.15960296811747,242.9961901520324,1.0102081094079742,FRAGILE,2,F-2-491,4,WATER_LEAK,2,RED
2025-12-17 14:03:08,19.527159411415663,50.27911107205094,213.3837442698141,1.010577790756194,FRAGILE,2,F-2-539,4,WATER_LEAK,2,RED
2025-12-17 14:03:09,19.69549170559741,47.22527607089438,271.02540963236896,1.017176328905822,NORMAL,2,N-2-130,7,WATER_LEAK,2,RED
2025-12-17 14:03:10,19.58792487005892,45.80275914964437,295.03709856621043,1.003701931206743,NORMAL,2,N-2-533,10,WATER_LEAK,2,RED
2025-12-17 14:03:11,19.43813792726753,50.84100857454213,314.5855036596419,1.0120496690443663,NORMAL,1,N-1-443,5,WATER_LEAK,2,RED
2025-12-17 14:03:12,19.53857984555339,47.77303870823572,357.078374657969,1.0096555932537228,NORMAL,1,N-1-656,5,WATER_LEAK,2,RED
2025-12-17 14:03:13,19.463900223820467,48.44311694724842,331.61387541994765,1.0117003151785526,NORMAL,2,N-2-529,10,WATER_LEAK,2,RED
2025-12-17 14:03:14,19.50118202770421,50.46950382808959,288.54766682680923,1.0080278823380158,FRAGILE,2,F-2-333,4,WATER_LEAK,2,RED
2025-12-17 14:03:15,19.451158342177724,45.93608951581113,288.1082594172168,1.0098531049074246,NORMAL,1,N-1-926,5,WATER_LEAK,2,RED
2025-12-17 14:03:16,19.47534971911719,49.19098179527852,330.609448134911,1.0121342317383966,NORMAL,1,N-1-641,5,WATER_LEAK,2,RED
2025-12-17 14:03:17,19.531814002961127,46.82021048707422,376.3542097757141,1.0193387306031316,FRAGILE,2,F-2-224,4,WATER_LEAK,2,RED
2025-12-17 14:03:18,19.350996195062702,47.735661288711256,307.578851968992,1.0124241085682062,FRAGILE,1,F-1-968,2,WATER_LEAK,2,RED
2025-12-17 14:03:19,19.347618175951503,48.14455793076858,271.85214874737545,1.0074558032059084,FRAGILE,1,F-1-807,2,WATER_LEAK,2,RED
2025-12-17 14:03:20,19.29171861692532,44.99955627710613,240.4280399348673,1.008728720953932,NORMAL,2,N-2-468,7,WATER_LEAK,2,RED
2025-12-17 14:03:21,19.25995933432444,46.44232591435913,213.2876841352665,1.0086397576748485,NORMAL,1,N-1-530,5,WATER_LEAK,2,RED
2025-12-17 14:03:22,19.317407596166927,50.70214578482628,339.9761803226114,1.00461307048211,NORMAL,2,N-2-208,7,WATER_LEAK,2,RED
2025-12-17 14:03:23,19.52391937602062,49.77238237716959,334.67871141837344,1.0090097294248956,NORMAL,2,N-2-167,10,WATER_LEAK,2,RED
2025-12-17 14:03:24,19.36608187267622,47.87472084534553,334.6418115063997,1.0121984872454652,NORMAL,1,N-1-404,5,WATER_LEAK,2,RED
2025-12-17 14:03:25,19.577042169634662,48.48624691702579,292.2804332188766,1.0061773036427697,NORMAL,1,N-1-953,5,WATER_LEAK,2,RED
2025-12-17 14:03:26,19.505207062312884,47.411514988727085,384.41608475350506,1.013145447953152,FRAGILE,1,F-1-998,2,WATER_LEAK,2,RED
2025-12-17 14:03:27,19.20472436798429,50.71316677165596,270.9528903249109,1.011463324463253,NORMAL,2,N-2-208,7,WATER_LEAK,2,RED
2025-12-17 14:03:28,19.598246337633253,47.59929484441167,357.3161542324323,1.007797300034087,NORMAL,1,N-1-440,5,WATER_LEAK,2,RED
2025-12-17 14:03:29,19.62161979683876,48.463684184269695,297.6754263006274,1.0095754110879864,NORMAL,2,N-2-632,7,WATER_LEAK,2,RED
2025-12-17 14:03:30,19.35092059877477,50.29206028828413,263.4989541192397,1.0147949654229231,NORMAL,2,N-2-935,7,WATER_LEAK,2,RED
2025-12-17 14:03:31,19.563028731434247,46.44525703030818,335.5518184390657,1.0122006434405175,NORMAL,1,N-1-379,5,WATER_LEAK,2,RED
2025-12-17 14:03:32,19.37152526438862,51.11757836899379,324.5781671210396,1.0100263509646945,NORMAL,1,N-1-210,5,WATER_LEAK,2,RED
2025-12-17 14:03:33,19.51465055651225,44.939077180513245,321.41836555601554,1.009286950049117,NORMAL,2,N-2-534,7,WATER_LEAK,2,RED
2025-12-17 14:03:34,19.310325238956757,51.2592842622256,304.87670532337194,1.010229827211355,FRAGILE,1,F-1-863,2,WATER_LEAK,2,RED
2025-12-17 14:03:35,19.23103403211981,47.25464883209605,297.72641509699014,1.0084647093261732,NORMAL,2,N-2-860,7,WATER_LEAK,2,RED
2025-12-17 14:03:36,19.442577421558056,47.51460250434943,443.3023195722264,1.003685751482843,NORMAL,2,N-2-264,7,WATER_LEAK,2,RED
2025-12-17 14:03:37,19.481440658058773,44.21997965763411,371.0553987117704,1.016126533731604,NORMAL,1,N-1-383,5,WATER_LEAK,2,RED
2025-12-17 14:03:38,19.44034804595781,47.09041056524462,343.3696136991307,1.0104659749975982,NORMAL,1,N-1-263,5,WATER_LEAK,2,RED
2025-12-17 14:03:39,19.322395416266616,45.92038693794623,306.7079494922033,1.0111944417953675,NORMAL,2,N-2-163,10,WATER_LEAK,2,RED
2025-12-17 14:03:40,19.44001514068033,46.78470730925306,360.4294320358001,1.0098262767503692,FRAGILE,1,F-1-366,2,WATER_LEAK,2,RED
2025-12-17 14:03:41,19.54039421288711,47.72537806842224,331.0796865834871,1.0077946495978265,NORMAL,2,N-2-239,7,WATER_LEAK,2,RED
2025-12-17 14:03:42,19.49326604548162,49.91558322894581,301.57228516644216,1.0094422265571537,NORMAL,2,N-2-494,10,WATER_LEAK,2,RED
2025-12-17 14:03:43,19.527375154589883,48.41520670280125,281.7861404840451,1.005201815713417,NORMAL,1,N-1-283,5,WATER_LEAK,2,RED
2025-12-17 14:03:44,19.399482719931864,48.61535330680223,295.14495974023873,1.01683125949416,NORMAL,2,N-2-623,7,WATER_LEAK,2,RED
2025-12-17 14:03:45,19.675757687207422,45.80896122230888,109.77445584731666,1.0062964640047327,NORMAL,2,N-2-246,10,WATER_LEAK,2,RED
2025-12-17 14:03:46,19.323573999516785,46.238491820794536,312.6360503578585,1.0069041011484583,FRAGILE,2,F-2-847,4,WATER_LEAK,2,RED
2025-12-17 14:03:47,19.57313404456301,51.59745003670263,270.6914351933784,1.0086792223868408,FRAGILE,2,F-2-794,4,WATER_LEAK,2,RED
2025-12-17 14:03:48,19.677283663944,46.52959793047351,395.560199896973,1.013864227174557,NORMAL,2,N-2-686,7,WATER_LEAK,2,RED
2025-12-17 14:03:49,19.572136213912334,51.312416504114594,301.16064424870524,1.010043526997788,NORMAL,1,N-1-506,5,WATER_LEAK,2,RED
2025-12-17 14:03:50,19.46962136594028,47.51387760223827,228.66219482790228,1.0062915926119087,FRAGILE,1,F-1-803,2,WATER_LEAK,2,RED
2025-12-17 14:03:51,19.42075544300055,48.004575872287006,297.00719075231297,1.013763015082272,NORMAL,1,N-1-564,5,WATER_LEAK,2,RED
2025-12-17 14:03:52,19.655413147656937,50.14073032045986,237.23273489624972,1.0121930018803564,FRAGILE,1,F-1-830,2,WATER_LEAK,2,RED
2025-12-17 14:03:53,19.286553761210747,50.54378484387731,328.404444942748,1.0116153048716494,NORMAL,2,N-2-786,7,WATER_LEAK,2,RED
2025-12-17 14:03:54,19.35448136094305,47.77837487944183,317.45684186036914,1.0121472027235126,NORMAL,1,N-1-464,5,WATER_LEAK,2,RED
2025-12-17 14:03:55,19.440366335176243,47.22351389295692,357.47037786649605,1.0171830857017474,NORMAL,1,N-1-428,5,WATER_LEAK,2,RED
2025-12-17 14:03:56,19.6856480636268,47.888159102955576,252.54709249832607,1.0165552846851085,FRAGILE,2,F-2-948,4,WATER_LEAK,2,RED
2025-12-17 14:03:57,19.55696514540613,48.67591505646424,302.04048577368883,1.00793985397099,FRAGILE,1,F-1-963,2,WATER_LEAK,2,RED
2025-12-17 14:03:58,19.354793136223464,49.78260737373951,218.09869227440188,1.0148716549784336,NORMAL,2,N-2-905,10,WATER_LEAK,2,RED
2025-12-17 14:03:59,19.453453844192264,48.0084597179883,342.08968691548284,1.0111495045692769,NORMAL,1,N-1-112,5,WATER_LEAK,2,RED
2025-12-17 14:04:00,19.40785152838556,49.23777259604631,331.1322708264073,1.0114972874484132,FRAGILE,1,F-1-386,2,WATER_LEAK,2,RED
2025-12-17 14:04:01,19.39353165116497,51.27671946454189,329.74830126165426,1.00492318750507,NORMAL,1,N-1-579,5,WATER_LEAK,2,RED
2025-12-17 14:04:02,19.64683343378352,48.76261922452957,300.09714188141646,1.009488842703835,NORMAL,2,N-2-782,7,WATER_LEAK,2,RED
2025-12-17 14:04:03,19.294238530610475,48.623305712009554,324.88637344732746,1.0075615292289903,FRAGILE,1,F-1-909,2,WATER_LEAK,2,RED
2025-12-17 14:04:04,19.741317128360155,44.962178349819865,396.2603464985158,1.01248417644468,NORMAL,2,N-2-303,10,WATER_LEAK,2,RED
2025-12-17 14:04:05,19.62423445352769,42.73853972634187,282.8943445774792,1.0132132415012085,NORMAL,2,N-2-646,10,WATER_LEAK,2,RED
2025-12-17 14:04:06,19.663629250590557,48.77675145846034,308.31871102260504,1.003776540946951,NORMAL,2,N-2-833,7,WATER_LEAK,2,RED
2025-12-17 14:04:07,19.43055907319621,47.81035153743826,234.8324220491154,1.0099338954079873,FRAGILE,1,F-1-469,2,WATER_LEAK,2,RED
2025-12-17 14:04:08,19.477508892138133,46.97043465017052,247.90434230410008,1.0133655845143827,FRAGILE,2,F-2-587,4,WATER_LEAK,2,RED
2025-12-17 14:04:09,19.28502722782129,48.48706040837269,305.86879758559843,1.0094399631130595,NORMAL,1,N-1-678,5,WATER_LEAK,2,RED
2025-12-17 14:04:10,19.42130063893998,47.87919254160618,366.2360128021144,1.012187190935007,NORMAL,1,N-1-648,5,WATER_LEAK,2,RED
2025-12-17 14:04:11,19.574048227146477,50.255560501267794,284.6231505449056,1.0110534964028812,NORMAL,1,N-1-240,5,WATER_LEAK,2,RED
2025-12-17 14:04:12,19.69440945926721,48.17222173651796,285.8450082412726,1.0110249806958578,FRAGILE,2,F-2-287,4,WATER_LEAK,2,RED
2025-12-17 14:04:13,19.333926477479636,46.50615342985967,275.5868853297375,1.0091860550657952,NORMAL,2,N-2-356,7,WATER_LEAK,2,RED
2025-12-17 14:04:14,19.44517410945221,49.98033247791858,267.9145997493406,1.006350257587593,NORMAL,2,N-2-802,7,WATER_LEAK,2,RED
2025-12-17 14:04:15,19.477305116965123,47.5657378501076,317.6982873425293,1.006635409557725,NORMAL,2,N-2-901,7,WATER_LEAK,2,RED
2025-12-17 14:04:16,19.290631619671128,49.053073367344616,210.1645412892813,1.012128057543366,NORMAL,2,N-2-359,10,WATER_LEAK,2,RED
2025-12-17 14:04:17,19.58870238626376,47.0451785876144,376.8563746000036,1.0100583747665566,NORMAL,2,N-2-174,10,WATER_LEAK,2,RED
2025-12-17 14:04:18,19.391401450238607,46.70034622900513,260.0746621122324,1.0095844632661783,NORMAL,1,N-1-287,5,WATER_LEAK,2,RED
2025-12-17 14:04:19,19.470691447323446,48.16833646037139,343.31420912628846,1.008728329873033,FRAGILE,1,F-1-389,2,WATER_LEAK,2,RED
2025-12-17 14:04:20,19.432207594213217,48.02565728708737,223.80008415636743,1.0090844334635578,FRAGILE,1,F-1-222,2,WATER_LEAK,2,RED
2025-12-17 14:04:21,19.38159922414205,48.95965407073366,340.1304078327731,1.0131407353834645,NORMAL,2,N-2-756,10,WATER_LEAK,2,RED
2025-12-17 14:04:22,19.49894325217792,47.46270849338052,340.31667646886984,1.008994267754396,FRAGILE,1,F-1-479,2,WATER_LEAK,2,RED
2025-12-17 14:04:23,19.4676585632148,44.3272804324592,323.0521243203538,1.0059768058600953,NORMAL,2,N-2-421,7,WATER_LEAK,2,RED
2025-12-17 14:04:24,19.4442213176582,47.13445223282322,240.33428869201248,1.0122309553266204,NORMAL,2,N-2-283,7,WATER_LEAK,2,RED
2025-12-17 14:04:25,19.39073075674795,49.58763693428763,314.9728913758846,1.009385370008406,NORMAL,1,N-1-389,5,WATER_LEAK,2,RED
2025-12-17 14:04:26,19.547928700617444,47.40524784151378,229.01662891593668,1.0100941875965983,NORMAL,1,N-1-314,5,WATER_LEAK,2,RED
2025-12-17 14:04:27,19.748042590273844,47.5072331949709,284.8342046942289,1.0148227349191985,NORMAL,2,N-2-666,10,WATER_LEAK,2,RED
2025-12-17 14:04:28,19.52098308492587,49.97275301181188,361.7647860573196,1.0099383183279484,NORMAL,1,N-1-330,5,WATER_LEAK,2,RED
2025-12-17 14:04:29,19.64941773223667,46.57605354548216,347.8021156242445,1.010867551019356,FRAGILE,1,F-1-332,2,WATER_LEAK,2,RED
2025-12-17 14:04:30,19.29146671122698,44.9143935635142,300.910976552426,1.0064632295261051,FRAGILE,2,F-2-632,4,WATER_LEAK,2,RED
2025-12-17 14:04:31,19.523664215894065,47.67873776094901,241.51160544462948,1.0093409916429472,NORMAL,1,N-1-412,5,WATER_LEAK,2,RED
2025-12-17 14:04:32,19.33539475215434,47.03165209750252,338.7352627304516,1.0118285781356258,NORMAL,1,N-1-436,5,WATER_LEAK,2,RED
2025-12-17 14:04:33,19.278461260870216,46.06750736049349,301.16287426188154,1.0053338787984762,NORMAL,1,N-1-545,5,WATER_LEAK,2,RED
2025-12-17 14:04:34,19.389094288881143,47.64924308820262,160.7810641061746,1.010602535279347,NORMAL,2,N-2-555,7,WATER_LEAK,2,RED
2025-12-17 14:04:35,19.67878490016204,48.983011294493565,346.9577895789911,1.0103023732179344,NORMAL,2,N-2-259,10,WATER_LEAK,2,RED
2025-12-17 14:04:36,19.642502374300445,47.98142287686437,298.54602996781847,1.0101238623667623,NORMAL,2,N-2-511,10,WATER_LEAK,2,RED
2025-12-17 14:04:37,19.53645070830816,48.61396214537248,372.1470748789843,1.0131114766959748,NORMAL,2,N-2-507,7,WATER_LEAK,2,RED
2025-12-17 14:04:38,19.27009491601651,51.626815397030846,234.28376886943173,1.0110033155445457,NORMAL,1,N-1-802,5,WATER_LEAK,2,RED
2025-12-17 14:04:39,19.47055790229181,47.31424227688487,109.39777120823996,1.0144342156950694,NORMAL,2,N-2-570,10,WATER_LEAK,2,RED
2025-12-17 14:04:40,19.54525500133526,48.55669726928934,316.7450315007111,1.0070192314532178,NORMAL,2,N-2-730,10,WATER_LEAK,2,RED
2025-12-17 14:04:41,19.52633043443679,46.98157327480173,317.49382060091835,1.010407773701655,NORMAL,1,N-1-949,5,WATER_LEAK,2,RED
2025-12-17 14:04:42,19.223430962477888,46.30728056022605,198.55970234361288,1.01025340035917,NORMAL,2,N-2-174,7,WATER_LEAK,2,RED
2025-12-17 14:04:43,19.36645232279702,46.83018469316446,241.2900272480036,1.0067922365187347,FRAGILE,1,F-1-690,2,WATER_LEAK,2,RED
2025-12-17 14:04:44,19.49038833537769,47.042482856956624,465.3130646231941,1.012868885006274,NORMAL,1,N-1-960,5,WATER_LEAK,2,RED
2025-12-17 14:04:45,19.580443636427574,48.71895159509425,281.6633631507718,1.0169740199175583,NORMAL,2,N-2-825,7,WATER_LEAK,2,RED
2025-12-17 14:04:46,19.170580826835007,52.69815157340152,343.85753858257294,1.0099489817765486,FRAGILE,2,F-2-187,4,WATER_LEAK,2,RED
2025-12-17 14:04:47,19.47568140367802,46.56791312744832,260.960410357897,1.011515063264821,NORMAL,2,N-2-489,7,WATER_LEAK,2,RED
2025-12-17 14:04:48,19.521457315481843,47.16674938876908,174.5818260688106,1.010253555427446,FRAGILE,1,F-1-931,2,WATER_LEAK,2,RED
2025-12-17 14:04:49,19.62744179827743,47.873753973777504,289.78450519224566,1.0078592459902784,FRAGILE,1,F-1-732,2,WATER_LEAK,2,RED
2025-12-17 14:04:50,19.60392863763561,48.7915976974195,284.0637263828337,1.004537719166594,NORMAL,1,N-1-236,5,WATER_LEAK,2,RED
2025-12-17 14:04:51,19.58738569782132,48.52710162390957,276.00730567989774,1.007882679550714,FRAGILE,1,F-1-551,2,WATER_LEAK,2,RED
2025-12-17 14:04:52,19.38000892399471,50.56819158789624,293.12154986961644,1.005824124857145,FRAGILE,2,F-2-918,4,WATER_LEAK,2,RED
2025-12-17 14:04:53,19.213799679431503,43.147215858929584,315.8560962987382,1.0151123062341774,NORMAL,1,N-1-297,5,WATER_LEAK,2,RED
2025-12-17 14:04:54,19.44104208644079,43.226140259608655,290.9929829247716,1.0096546709182304,FRAGILE,2,F-2-790,4,WATER_LEAK,2,RED
2025-12-17 14:04:55,19.650244773781285,47.008243655979705,224.15962992315815,1.0089622420128586,NORMAL,1,N-1-570,5,WATER_LEAK,2,RED
2025-12-17 14:04:56,19.709018179128662,50.19460037508742,329.1710874937164,1.0126674614743634,NORMAL,2,N-2-927,7,WATER_LEAK,2,RED
2025-12-17 14:04:57,19.606582365344668,44.868703936788805,183.03769468065465,1.0066347466914325,FRAGILE,1,F-1-274,2,WATER_LEAK,2,RED
2025-12-17 14:04:58,19.56440112342026,41.98473532061249,176.97855256294798,1.0076994078859864,NORMAL,1,N-1-334,5,WATER_LEAK,2,RED
2025-12-17 14:04:59,19.55694594725789,49.14235881243842,344.35082968209406,1.010204216807746,NORMAL,1,N-1-635,5,WATER_LEAK,2,RED
2025-12-17 16:00:00,19.65431534871352,45.62446952016494,996.7960469713184,1.0066577559253007,NORMAL,4,N-4-530,17,IMPACT,0,GREEN
2025-12-17 16:00:01,19.57525275677532,47.20535349489728,995.2627295429052,1.008107207498787,FRAGILE,2,F-2-632,4,IMPACT,0,GREEN
2025-12-17 16:00:02,19.53724877137738,49.068729797272766,997.4669623265432,1.0071738194492772,NORMAL,4,N-4-392,14,IMPACT,0,GREEN
2025-12-17 16:00:03,19.5117176602854,48.18218721251183,992.1691285501043,1.0083560125437765,FRAGILE,3,F-3-601,6,IMPACT,0,GREEN
2025-12-17 16:00:04,19.56003537832901,46.29692004044136,994.2543525852556,1.0093575490678663,NORMAL,4,N-4-652,14,IMPACT,0,GREEN
2025-12-17 16:00:05,19.53024793576939,48.01254631236883,980.31366048876,1.0125114634589942,NORMAL,4,N-4-757,14,IMPACT,0,GREEN
2025-12-17 16:00:06,19.34550415878346,44.93692936951271,1004.7898098468188,4.044236465471477,NORMAL,3,N-3-972,12,IMPACT,2,RED
2025-12-17 16:00:07,19.50691188324497,50.30053479179659,999.390382242574,1.0052431228796912,NORMAL,4,N-4-309,17,IMPACT,0,GREEN
2025-12-17 16:00:08,19.33894670116234,47.5894319610075,990.8123532477324,1.0134202035394857,NORMAL,2,N-2-130,10,IMPACT,0,GREEN
2025-12-17 16:00:09,19.512162381435125,50.23709988851065,1012.189879850842,1.0074887295991548,FRAGILE,3,F-3-428,9,IMPACT,0,GREEN
2025-12-17 16:00:10,19.427902808776764,46.94693662580792,997.6961318431393,1.0098238387186862,FRAGILE,3,F-3-199,9,IMPACT,0,GREEN
2025-12-17 16:00:11,19.88090724341743,46.95284802318683,988.7108514241984,1.0113396095208222,NORMAL,2,N-2-848,7,IMPACT,0,GREEN
2025-12-17 16:00:12,19.494015842437243,46.47162642672431,1003.8538993717636,1.0105988312552083,FRAGILE,3,F-3-875,9,IMPACT,0,GREEN
2025-12-17 16:00:13,19.289364065060763,49.75234786338615,1000.184385732074,4.111057924074542,FRAGILE,4,F-4-102,11,IMPACT,2,RED
2025-12-17 16:00:14,19.47987296839846,46.58113768534305,1000.1566398838736,1.0114370094301783,NORMAL,3,N-3-248,12,IMPACT,0,GREEN
2025-12-17 16:00:15,19.577903811845683,49.28919086483035,993.5939551627872,1.0074160712609086,FRAGILE,3,F-3-455,9,IMPACT,0,GREEN
2025-12-17 16:00:16,19.75100459192288,47.23509520466142,1000.6039657902244,1.016535686521975,FRAGILE,2,F-2-326,4,IMPACT,0,GREEN
2025-12-17 16:00:17,19.41158214000919,44.04807340021676,994.9059336782312,1.0105830003900147,FRAGILE,2,F-2-217,4,IMPACT,0,GREEN
2025-12-17 16:00:18,19.26263580389645,46.85937186442707,1001.4475316131668,1.0095579793201357,FRAGILE,3,F-3-143,9,IMPACT,0,GREEN
2025-12-17 16:00:19,19.62252555171465,45.6417835712743,981.7604443679148,1.0128917762691667,NORMAL,4,N-4-657,17,IMPACT,0,GREEN
2025-12-17 16:00:20,19.29291019411505,48.06780544736468,993.5290122961665,1.0107483528377903,NORMAL,2,N-2-891,7,IMPACT,0,GREEN
2025-12-17 16:00:21,19.43457668377388,45.61918452865102,1010.7772407824656,1.011197684578818,FRAGILE,3,F-3-967,6,IMPACT,0,GREEN
2025-12-17 16:00:22,19.46135692717335,49.85195020142923,990.8634603567976,1.017476551995802,FRAGILE,3,F-3-486,9,IMPACT,0,GREEN
2025-12-17 16:00:23,19.489554982004982,47.81784827929395,992.1692936200544,1.009174635715235,FRAGILE,4,F-4-879,11,IMPACT,0,GREEN
2025-12-17 16:00:24,19.603374668561152,47.64480801048252,993.4163092924002,1.0090467173179478,FRAGILE,3,F-3-640,9,IMPACT,0,GREEN
2025-12-17 16:00:25,19.39745485765704,49.31178427557517,987.2815509128908,1.0103497355360374,NORMAL,4,N-4-477,17,IMPACT,0,GREEN
2025-12-17 16:00:26,19.458940612174985,49.92781386815172,979.333753790174,1.0132145478067431,NORMAL,3,N-3-951,12,IMPACT,0,GREEN
2025-12-17 16:00:27,19.497859447057596,47.959802496460696,995.1553088118112,1.005480397909429,NORMAL,4,N-4-786,17,IMPACT,0,GREEN
2025-12-17 16:00:28,19.522439693627817,46.457599400901415,998.0868753926532,1.0041033323255706,NORMAL,2,N-2-797,7,IMPACT,0,GREEN
2025-12-17 16:00:29,19.514674076206187,44.45206076777574,996.5799594516908,1.0082386541881396,NORMAL,4,N-4-781,14,IMPACT,0,GREEN
2025-12-17 16:00:30,19.565400866283387,46.62790048592964,995.8409715044168,1.005098231122822,FRAGILE,4,F-4-844,11,IMPACT,0,GREEN
2025-12-17 16:00:31,19.62657592644626,46.76557550670408,997.3443269668032,1.0087255059574232,FRAGILE,3,F-3-490,9,IMPACT,0,GREEN
2025-12-17 16:00:32,19.55889511734765,48.214114905984594,1005.182731772406,1.011507499088388,NORMAL,2,N-2-154,7,IMPACT,0,GREEN
2025-12-17 16:00:33,19.568037828526386,47.30970623772394,995.4764305125664,1.0073277534093432,FRAGILE,3,F-3-924,9,IMPACT,0,GREEN
2025-12-17 16:00:34,19.262666524988028,49.375865944102856,992.407339383302,1.005719520269656,FRAGILE,3,F-3-819,9,IMPACT,0,GREEN
2025-12-17 16:00:35,19.50753415487485,46.77403345745862,994.7509961208954,1.0102080114851462,NORMAL,4,N-4-746,14,IMPACT,0,GREEN
2025-12-17 16:00:36,19.57192613220024,47.88591766629412,1001.6347740780542,1.0125876304538457,NORMAL,4,N-4-259,14,IMPACT,0,GREEN
2025-12-17 16:00:37,19.609341179185567,50.36797488639378,1008.296215028346,1.0049150796844502,NORMAL,4,N-4-828,17,IMPACT,0,GREEN
2025-12-17 16:00:38,19.39614738386493,48.68365042790993,991.9748500866466,1.012460697194918,NORMAL,2,N-2-743,7,IMPACT,0,GREEN
2025-12-17 16:00:39,19.401144108766704,47.87992491662287,997.7914702962312,2.570843625958461,NORMAL,4,N-4-256,14,IMPACT,2,RED
2025-12-17 16:00:40,19.41388489870746,46.79611111612965,999.7068595354876,1.01286225530647,NORMAL,3,N-3-304,12,IMPACT,0,GREEN
2025-12-17 16:00:41,19.5804620849837,46.73353720657005,989.0593759461694,1.013655440644615,FRAGILE,4,F-4-317,8,IMPACT,0,GREEN
2025-12-17 16:00:42,19.65508215823863,46.2987734940961,997.1633373377032,1.0166060417739788,NORMAL,3,N-3-730,15,IMPACT,0,GREEN
2025-12-17 16:00:43,19.43888098390626,46.9179862684342,985.2746091412632,1.0089317238541429,NORMAL,2,N-2-533,7,IMPACT,0,GREEN
2025-12-17 16:00:44,19.636194347044057,49.51133167748863,982.8475975700848,1.0103287147402336,NORMAL,4,N-4-639,20,IMPACT,0,GREEN
2025-12-17 16:00:45,19.51852197137469,47.55622345741546,999.933971263138,1.008750684700256,FRAGILE,3,F-3-670,9,IMPACT,0,GREEN
2025-12-17 16:00:46,19.48135713342564,45.300453861237536,993.9290020693536,4.571325648953772,FRAGILE,3,F-3-461,9,IMPACT,2,RED
2025-12-17 16:00:47,19.468292365527304,51.53633858611957,998.6182432609696,1.014598620066909,NORMAL,2,N-2-493,7,IMPACT,0,GREEN
2025-12-17 16:00:48,19.61199170469032,48.63993038229032,996.8568401839332,1.005964956548208,NORMAL,4,N-4-366,14,IMPACT,0,GREEN
2025-12-17 16:00:49,19.54883667251806,45.18611319897366,989.1887996106896,1.0074168509835033,NORMAL,2,N-2-459,10,IMPACT,0,GREEN
2025-12-17 16:00:50,19.841373814147147,47.116302145518354,996.6379655842852,1.0141315428095137,FRAGILE,4,F-4-590,11,IMPACT,0,GREEN
2025-12-17 16:00:51,19.3721663035504,48.22177276565684,987.1351895598812,4.470688020427074,NORMAL,2,N-2-663,7,IMPACT,2,RED
2025-12-17 16:00:52,19.577715255304497,51.40918418659476,1008.1277788640112,1.0089106050595489,FRAGILE,3,F-3-799,9,IMPACT,0,GREEN
2025-12-17 16:00:53,19.420619848528272,45.78377508348226,986.1522372411202,1.0125632060033622,NORMAL,2,N-2-588,10,IMPACT,0,GREEN
2025-12-17 16:00:54,19.369606951951702,49.95208143871189,995.4337178322512,1.011023647527476,FRAGILE,3,F-3-852,6,IMPACT,0,GREEN
2025-12-17 16:00:55,19.498369929444756,50.79897285394468,988.661827295622,1.014500823827003,FRAGILE,3,F-3-919,6,IMPACT,0,GREEN
2025-12-17 16:00:56,19.520602871911056,46.74269138985086,1001.5633693868864,1.0102235287814805,NORMAL,2,N-2-665,7,IMPACT,0,GREEN
2025-12-17 16:00:57,19.93772603325901,47.444972762279534,994.348549029748,1.0130768963416177,NORMAL,2,N-2-837,10,IMPACT,0,GREEN
2025-12-17 16:00:58,19.47237812764752,45.92738150525246,992.8506662430304,1.017926035731478,FRAGILE,4,F-4-221,11,IMPACT,0,GREEN
2025-12-17 16:00:59,19.330473190577298,47.59307771783939,1003.8256123604124,1.0117942974651424,NORMAL,2,N-2-489,10,IMPACT,0,GREEN
2025-12-17 16:01:00,19.54095160762416,47.92682005131414,997.2354447334204,1.0101479844973846,NORMAL,3,N-3-545,15,IMPACT,0,GREEN
2025-12-17 16:01:01,19.188803994368044,49.31929999616474,1001.1331555674876,1.0121673409556629,FRAGILE,3,F-3-401,9,IMPACT,0,GREEN
2025-12-17 16:01:02,19.48620648260936,50.18036694204089,989.1493925078604,1.0089041574253883,NORMAL,2,N-2-102,7,IMPACT,0,GREEN
2025-12-17 16:01:03,19.502403792344275,46.5038078707567,985.76146444858,1.0171639031165742,NORMAL,3,N-3-619,12,IMPACT,0,GREEN
2025-12-17 16:01:04,19.61919005744178,44.06534987154801,997.8576636963212,1.010540213113088,FRAGILE,2,F-2-260,4,IMPACT,0,GREEN
2025-12-17 16:01:05,19.646043337414177,47.95751044144752,994.4492291560422,1.0091812000393234,NORMAL,2,N-2-432,10,IMPACT,0,GREEN
2025-12-17 16:01:06,19.42446455716384,48.58707505993728,1002.0114773796316,1.0074929329849398,NORMAL,3,N-3-767,12,IMPACT,0,GREEN
2025-12-17 16:01:07,19.47740789780551,48.498835375370085,996.3607323786996,1.0132916605748192,FRAGILE,3,F-3-679,6,IMPACT,0,GREEN
2025-12-17 16:01:08,19.3850818754084,47.34665350498191,998.640602713877,1.0126015622384832,NORMAL,4,N-4-795,14,IMPACT,0,GREEN
2025-12-17 16:01:09,19.330790616778845,48.249504199327866,984.01293976047,3.147587860258368,NORMAL,4,N-4-431,20,IMPACT,2,RED
2025-12-17 16:01:10,19.546484216907096,51.03088961670449,1012.107495516914,1.0117293540353671,NORMAL,4,N-4-373,14,IMPACT,0,GREEN
2025-12-17 16:01:11,19.30896216771051,48.76346833792502,995.6860641197436,1.0054743320953614,FRAGILE,4,F-4-969,11,IMPACT,0,GREEN
2025-12-17 16:01:12,19.437805964914222,47.25326314999383,1002.5806957627136,1.0105549117252195,FRAGILE,3,F-3-489,6,IMPACT,0,GREEN
2025-12-17 16:01:13,19.35072390601512,46.99960436580801,990.311266638243,1.0113582690562302,NORMAL,4,N-4-224,14,IMPACT,0,GREEN
2025-12-17 16:01:14,19.58245247794354,47.66029528464454,999.4640792177388,1.0151219894286776,NORMAL,3,N-3-910,12,IMPACT,0,GREEN
2025-12-17 16:01:15,19.77021451488997,51.27347992366128,986.577241891802,1.007687543591814,NORMAL,2,N-2-346,10,IMPACT,0,GREEN
2025-12-17 16:01:16,19.3047618025795,47.633398580947606,1000.6165427060772,1.006164942113593,NORMAL,2,N-2-577,10,IMPACT,0,GREEN
2025-12-17 16:01:17,19.22204722756537,47.96041131095858,994.1522073249132,1.007313716117225,FRAGILE,4,F-4-526,11,IMPACT,0,GREEN
2025-12-17 16:01:18,19.48126696719749,47.0353728581274,997.2335240314844,1.0059902944990553,NORMAL,4,N-4-695,17,IMPACT,0,GREEN
2025-12-17 16:01:19,19.502354669393664,50.19796671488393,1002.5837922410408,1.014009972073277,NORMAL,3,N-3-185,12,IMPACT,0,GREEN
2025-12-17 16:01:20,19.532798896013595,51.91967450948935,987.1396775102378,1.0146459178850722,NORMAL,2,N-2-647,10,IMPACT,0,GREEN
2025-12-17 16:01:21,19.43305192271485,48.90122609886278,991.5240661550976,1.0109606497338466,NORMAL,2,N-2-255,7,IMPACT,0,GREEN
2025-12-17 16:01:22,19.469904105176184,48.16554580757085,1000.6585942486942,1.0136638848370554,NORMAL,3,N-3-827,12,IMPACT,0,GREEN
2025-12-17 16:01:23,19.55512656158109,48.07356566634847,1013.785771796374,1.0104018751417407,FRAGILE,3,F-3-421,9,IMPACT,0,GREEN
2025-12-17 16:01:24,19.65606463389673,43.23138642242851,995.8953413227082,1.0097146650568978,NORMAL,4,N-4-702,14,IMPACT,0,GREEN
2025-12-17 16:01:25,19.20674268445226,49.490301728569634,1001.7290889433916,1.0090008871428386,FRAGILE,3,F-3-988,9,IMPACT,0,GREEN
2025-12-17 16:01:26,19.44465908414528,48.268332831991685,996.1442282411322,1.0090688270258674,NORMAL,2,N-2-752,7,IMPACT,0,GREEN
2025-12-17 16:01:27,19.53207131909116,48.85668410132145,1012.5379647580504,1.005356595331073,FRAGILE,2,F-2-364,4,IMPACT,0,GREEN
2025-12-17 16:01:28,19.36230358430839,46.57707561183259,983.022226664278,1.010792764290822,FRAGILE,3,F-3-766,9,IMPACT,0,GREEN
2025-12-17 16:01:29,19.759675444765094,47.23108624204582,997.7569683573548,1.009878998269358,NORMAL,3,N-3-771,15,IMPACT,0,GREEN
2025-12-17 16:01:30,19.40468851796569,47.17795012699366,983.9956477315036,1.0122360821722336,NORMAL,2,N-2-852,7,IMPACT,0,GREEN
2025-12-17 16:01:31,19.49380609694891,50.04324596814608,976.9474274357062,1.010280570489316,NORMAL,4,N-4-728,14,IMPACT,0,GREEN
2025-12-17 16:01:32,19.583403314526343,47.24248032679381,999.3796964249424,4.271691799913768,NORMAL,3,N-3-724,15,IMPACT,2,RED
2025-12-17 16:01:33,19.411307281679715,52.1653206442196,998.1159823691796,1.0073864209099772,NORMAL,4,N-4-817,14,IMPACT,0,GREEN
2025-12-17 16:01:34,19.223014042829337,48.86172483803008,994.7213044980624,1.0102164597104653,NORMAL,2,N-2-215,7,IMPACT,0,GREEN
2025-12-17 16:01:35,19.43570182096252,45.44863468000854,996.150447279682,1.0122147116924485,NORMAL,2,N-2-190,7,IMPACT,0,GREEN
2025-12-17 16:01:36,19.65441608338905,47.74290741349608,1021.78639547257,1.0065699830267485,NORMAL,3,N-3-213,12,IMPACT,0,GREEN
2025-12-17 16:01:37,19.44946573098223,46.69664975568717,994.9345988957484,1.0102624212610425,FRAGILE,2,F-2-976,4,IMPACT,0,GREEN
2025-12-17 16:01:38,19.373034854781157,43.61123506035995,1001.0809948900006,1.0106991288545886,NORMAL,4,N-4-814,14,IMPACT,0,GREEN
2025-12-17 16:01:39,19.638850831425408,51.19894188022758,991.805081443089,1.0078458056491453,FRAGILE,2,F-2-989,4,IMPACT,0,GREEN
2025-12-17 16:01:40,19.45038376559654,49.40628508444001,999.3618606003248,3.0371365160624952,FRAGILE,2,F-2-453,4,IMPACT,2,RED
2025-12-17 16:01:41,19.423475877952463,49.06641463579862,995.0941305995552,1.0106918325462986,FRAGILE,2,F-2-679,4,IMPACT,0,GREEN
2025-12-17 16:01:42,19.522418413449497,48.33080732059941,993.7158521381622,1.006599736945122,NORMAL,2,N-2-923,7,IMPACT,0,GREEN
2025-12-17 16:01:43,19.615612531442817,45.23596486261513,1011.5511882576026,1.0110497711457482,NORMAL,4,N-4-687,14,IMPACT,0,GREEN
2025-12-17 16:01:44,19.85725702975988,47.03276572088912,1006.4174797054748,1.0073139368790225,NORMAL,3,N-3-208,12,IMPACT,0,GREEN
2025-12-17 16:01:45,19.624085416148613,49.683561549568026,998.093973179194,1.0131885610790996,NORMAL,4,N-4-426,17,IMPACT,0,GREEN
2025-12-17 16:01:46,19.67397599495825,45.897559940435,978.5663045124484,1.0170134832361648,NORMAL,3,N-3-504,12,IMPACT,0,GREEN
2025-12-17 16:01:47,19.42410507015182,42.93646136749837,994.1119262139796,2.6008254026287823,NORMAL,3,N-3-973,12,IMPACT,2,RED
2025-12-17 16:01:48,19.34611978410458,47.54578798443815,1018.6242205152408,1.011602623587124,NORMAL,4,N-4-208,14,IMPACT,0,GREEN
2025-12-17 16:01:49,19.50934970244287,47.71648489194492,995.1547066668824,1.007819774285354,FRAGILE,2,F-2-467,4,IMPACT,0,GREEN
2025-12-17 16:01:50,19.51607548728894,48.27112683282942,1005.8257405764292,1.0131228625213933,NORMAL,4,N-4-657,14,IMPACT,0,GREEN
2025-12-17 16:01:51,19.33822308879531,49.457037287029074,1008.5355392156208,1.0062042247727443,FRAGILE,3,F-3-935,6,IMPACT,0,GREEN
2025-12-17 16:01:52,19.4737058205144,49.275211624462415,998.7517113268478,1.0114417602752832,NORMAL,3,N-3-520,15,IMPACT,0,GREEN
2025-12-17 16:01:53,19.55989764025787,48.51753961048784,990.2654269450549,1.007381033099332,NORMAL,2,N-2-379,7,IMPACT,0,GREEN
2025-12-17 16:01:54,19.55405900925271,50.39106277617342,977.517501345737,1.0093790462327048,NORMAL,4,N-4-288,17,IMPACT,0,GREEN
2025-12-17 16:01:55,19.57564317800764,44.96206043837337,1002.4733056688716,1.006906924174558,NORMAL,3,N-3-635,12,IMPACT,0,GREEN
2025-12-17 16:01:56,19.543644709520617,49.00916362895478,990.4819519774117,1.0124670514126872,NORMAL,3,N-3-389,12,IMPACT,0,GREEN
2025-12-17 16:01:57,19.42394870110949,49.25307672667388,998.4092036151015,1.0074890589366812,NORMAL,2,N-2-280,7,IMPACT,0,GREEN
2025-12-17 16:01:58,19.422914906002674,45.52087542783952,987.0014372832852,1.0116558927779955,NORMAL,4,N-4-962,17,IMPACT,0,GREEN
2025-12-17 16:01:59,19.32015729030092,44.99425878263522,994.8780996762384,1.0089677059152131,FRAGILE,3,F-3-780,9,IMPACT,0,GREEN
2025-12-17 16:02:00,19.767716255877765,46.5081157470488,997.2697524392084,1.0096565828846034,NORMAL,2,N-2-799,7,IMPACT,0,GREEN
2025-12-17 16:02:01,19.50201755469289,46.67691711496941,999.1487486483544,1.0104432677222004,FRAGILE,3,F-3-924,9,IMPACT,0,GREEN
2025-12-17 16:02:02,19.466272041630774,49.506838927004864,988.0814225011808,1.0077145259850235,FRAGILE,3,F-3-714,9,IMPACT,0,GREEN
2025-12-17 16:02:03,19.36068118778213,46.77092243261781,1006.5752875900909,1.0106311013406226,FRAGILE,3,F-3-311,6,IMPACT,0,GREEN
2025-12-17 16:02:04,19.940348685349168,46.28730296343759,992.2248417221442,1.0145910036930632,NORMAL,4,N-4-441,17,IMPACT,0,GREEN
2025-12-17 16:02:05,19.33900079516657,46.77673252661088,983.604244316374,1.007665715642502,FRAGILE,4,F-4-943,11,IMPACT,0,GREEN
2025-12-17 16:02:06,19.43567281115909,50.23726466830843,996.1278126402924,1.0135154304298215,NORMAL,3,N-3-519,12,IMPACT,0,GREEN
2025-12-17 16:02:07,19.56237552544291,48.026086748753904,997.2750024722116,1.0144942929004634,NORMAL,4,N-4-442,14,IMPACT,0,GREEN
2025-12-17 16:02:08,19.590031944861643,47.641497949286176,998.284715465374,1.0075515350329158,FRAGILE,3,F-3-801,9,IMPACT,0,GREEN
2025-12-17 16:02:09,19.643689808282357,47.77998900259789,1007.8970592294806,3.002841356475943,NORMAL,2,N-2-510,7,IMPACT,2,RED
2025-12-17 16:02:10,19.77114127616539,50.58412066865304,995.1084093061132,1.0109058827005153,FRAGILE,4,F-4-481,11,IMPACT,0,GREEN
2025-12-17 16:02:11,19.575923648319108,46.50165654679352,996.04304300505,1.0083577774316994,NORMAL,4,N-4-839,20,IMPACT,0,GREEN
2025-12-17 16:02:12,19.341595380005,50.63101658188021,988.1745249501352,1.015605809657489,FRAGILE,4,F-4-121,11,IMPACT,0,GREEN
2025-12-17 16:02:13,19.46145823123173,48.42099259784301,1003.5644280231032,1.0101044226214997,NORMAL,2,N-2-852,7,IMPACT,0,GREEN
2025-12-17 16:02:14,19.546174855877084,47.6791612360493,998.4744725126249,1.0075934017758943,NORMAL,4,N-4-301,14,IMPACT,0,GREEN
2025-12-17 16:02:15,19.810233906225875,53.00180099586856,993.6397781816466,1.0065585214669648,FRAGILE,4,F-4-353,11,IMPACT,0,GREEN
2025-12-17 16:02:16,19.290329178236355,45.888721020402805,981.7626024522764,1.0132697148772725,FRAGILE,2,F-2-579,4,IMPACT,0,GREEN
2025-12-17 16:02:17,19.680386475783784,47.29262848086599,1008.5552975604407,1.0082864480777474,FRAGILE,3,F-3-884,9,IMPACT,0,GREEN
2025-12-17 16:02:18,19.526987155431964,45.535137521672,987.1785602843516,1.0101314863983812,NORMAL,4,N-4-968,14,IMPACT,0,GREEN
2025-12-17 16:02:19,19.62567458028442,49.90492394107234,992.2697759250424,2.946572191885749,NORMAL,3,N-3-290,12,IMPACT,2,RED
2025-12-17 16:02:20,19.48470079250461,51.37837786730336,999.866756088608,1.0085472249442076,FRAGILE,2,F-2-180,4,IMPACT,0,GREEN
2025-12-17 16:02:21,19.37363510548105,51.33984556280928,987.4275365710664,1.0098622135137796,NORMAL,2,N-2-293,7,IMPACT,0,GREEN
2025-12-17 16:02:22,19.6126309169102,50.44789750629201,985.0519217739748,1.0099502947705326,NORMAL,4,N-4-990,14,IMPACT,0,GREEN
2025-12-17 16:02:23,19.598164654065844,47.60475906440807,980.0084193383948,1.0120499735345485,NORMAL,3,N-3-506,15,IMPACT,0,GREEN
2025-12-17 16:02:24,19.64580854486096,47.26951804502031,1002.7679756232452,1.011772233006531,NORMAL,3,N-3-737,12,IMPACT,0,GREEN
2025-12-17 16:02:25,19.498004304693204,44.65766045501187,992.6385100421894,1.0093396588062356,FRAGILE,2,F-2-862,4,IMPACT,0,GREEN
2025-12-17 16:02:26,19.410026696502023,52.07174707036359,1020.4181607397868,1.0101909471844897,FRAGILE,2,F-2-240,4,IMPACT,0,GREEN
2025-12-17 16:02:27,19.266181950746425,48.93795615629693,989.045159474953,1.0088846629654296,FRAGILE,3,F-3-407,9,IMPACT,0,GREEN
2025-12-17 16:02:28,19.62290599022091,47.01608619026104,989.6283918125688,1.0055671627792415,NORMAL,2,N-2-674,10,IMPACT,0,GREEN
2025-12-17 16:02:29,19.5635834223666,50.656113777973935,992.4768562377168,3.344369991837118,NORMAL,2,N-2-274,7,IMPACT,2,RED
2025-12-17 16:02:30,19.35513260507041,46.05447096648,998.945077241108,1.0156765752824992,NORMAL,2,N-2-164,10,IMPACT,0,GREEN
2025-12-17 16:02:31,19.419213949005503,48.81324406844535,993.2383732897176,1.007348842577927,NORMAL,2,N-2-882,7,IMPACT,0,GREEN
2025-12-17 16:02:32,19.429986178207283,47.65474173141833,1001.89865771202,1.007680910871192,FRAGILE,3,F-3-142,6,IMPACT,0,GREEN
2025-12-17 16:02:33,19.27755233520264,49.2773542797606,989.1712928800908,1.0073878166850687,FRAGILE,4,F-4-925,8,IMPACT,0,GREEN
2025-12-17 16:02:34,19.377347640509228,47.87285292162776,985.9472662522912,1.0121737753361697,NORMAL,2,N-2-800,10,IMPACT,0,GREEN
2025-12-17 16:02:35,19.32992544647905,45.09814421777755,982.6142820847272,1.0113454563625894,FRAGILE,4,F-4-414,11,IMPACT,0,GREEN
2025-12-17 16:02:36,19.43812814821681,48.15115274534008,979.2114066565024,1.0095243869227506,NORMAL,2,N-2-988,10,IMPACT,0,GREEN
2025-12-17 16:02:37,19.38919537525057,50.097728283750726,992.8554478441996,1.007245942815083,NORMAL,2,N-2-438,10,IMPACT,0,GREEN
2025-12-17 16:02:38,19.255949261869983,47.94156718829203,994.5921575008542,1.0102771303749198,NORMAL,2,N-2-382,7,IMPACT,0,GREEN
2025-12-17 16:02:39,19.803388534585423,49.55023024317817,991.9485037801344,1.0053061336179927,FRAGILE,3,F-3-339,6,IMPACT,0,GREEN
2025-12-17 16:02:40,19.687881109654384,45.908941028651896,1006.9472463774972,1.0104302797005724,FRAGILE,3,F-3-815,9,IMPACT,0,GREEN
2025-12-17 16:02:41,19.383147086772,47.947478413460296,1006.8242416768652,1.012614573158264,NORMAL,4,N-4-188,17,IMPACT,0,GREEN
2025-12-17 16:02:42,19.54086320949804,46.75097908982285,994.321576100444,1.006246402590099,FRAGILE,4,F-4-250,11,IMPACT,0,GREEN
2025-12-17 16:02:43,19.562619763473197,49.493961680209416,982.6486310944643,1.005402445169511,NORMAL,3,N-3-982,12,IMPACT,0,GREEN
2025-12-17 16:02:44,19.67866287821602,48.06298312452399,992.4663591355596,1.0147383136750845,NORMAL,2,N-2-618,7,IMPACT,0,GREEN
2025-12-17 16:02:45,19.377209246000987,49.38014735267323,992.2014288486636,1.0081647210814864,NORMAL,3,N-3-550,12,IMPACT,0,GREEN
2025-12-17 16:02:46,19.66381601759736,50.17542085231573,991.7429203017756,1.0134078435378315,NORMAL,3,N-3-694,12,IMPACT,0,GREEN
2025-12-17 16:02:47,19.41781420436896,49.38323715024278,991.418248768814,1.0095380070044064,FRAGILE,4,F-4-563,8,IMPACT,0,GREEN
2025-12-17 16:02:48,19.29962063937471,48.546236868587286,991.7722968342016,1.009514135549176,NORMAL,2,N-2-225,7,IMPACT,0,GREEN
2025-12-17 16:02:49,19.608620483897173,46.00357548297719,993.907667072818,1.01131523809849,NORMAL,2,N-2-382,7,IMPACT,0,GREEN
2025-12-17 16:02:50,19.69361376361837,47.9944277786662,991.9156712094756,3.5461237429386454,NORMAL,2,N-2-616,10,IMPACT,2,RED
2025-12-17 16:02:51,19.8881863460296,46.93381919596833,998.6665800690048,1.010397491430487,NORMAL,2,N-2-168,10,IMPACT,0,GREEN
2025-12-17 16:02:52,19.320041210236468,47.31187208659155,999.8829497272388,1.0088555317555277,FRAGILE,3,F-3-132,9,IMPACT,0,GREEN
2025-12-17 16:02:53,19.60483795276212,47.2509316984995,989.71483930254,1.006038519669785,FRAGILE,3,F-3-588,6,IMPACT,0,GREEN
2025-12-17 16:02:54,19.43852981343097,46.04014885043552,1007.1685226080564,1.0110124462241792,NORMAL,4,N-4-990,14,IMPACT,0,GREEN
2025-12-17 16:02:55,19.617503806578604,44.08532282173202,989.159501585275,1.0092100765793663,FRAGILE,3,F-3-778,9,IMPACT,0,GREEN
2025-12-17 16:02:56,19.279426567315312,46.66371390334447,984.0575950894772,1.0095289255146658,NORMAL,2,N-2-793,7,IMPACT,0,GREEN
2025-12-17 16:02:57,19.310584533645216,48.38675890384832,1000.0462245709203,1.0063695171697575,NORMAL,4,N-4-625,14,IMPACT,0,GREEN
2025-12-17 16:02:58,19.383618776525022,45.30364590914502,990.4607349246852,1.0147742011032883,NORMAL,4,N-4-921,14,IMPACT,0,GREEN
2025-12-17 16:02:59,19.51184460685021,48.031364472943245,999.5703317660592,1.0126301425591584,FRAGILE,2,F-2-128,4,IMPACT,0,GREEN
2025-12-17 16:03:00,19.403837810019247,51.80053684862193,977.7706511911956,1.012892467652516,NORMAL,3,N-3-460,15,IMPACT,0,GREEN
2025-12-17 16:03:01,19.598858151587013,50.04611311050448,1008.1396475318644,1.009083665892675,FRAGILE,2,F-2-673,4,IMPACT,0,GREEN
2025-12-17 16:03:02,19.65403419273869,51.287083018241056,1002.3783472643232,3.7713472287442698,NORMAL,2,N-2-421,10,IMPACT,2,RED
2025-12-17 16:03:03,19.5899366311868,48.78225575386545,984.996187606696,3.69188468877082,FRAGILE,3,F-3-511,9,IMPACT,2,RED
2025-12-17 16:03:04,19.74281814594913,50.33501964597289,985.1697830092296,3.1766865149132237,FRAGILE,3,F-3-181,9,IMPACT,2,RED
2025-12-17 16:03:05,19.5623739944183,46.55207053906442,1010.3781272327802,1.00775360061194,NORMAL,3,N-3-830,12,IMPACT,0,GREEN
2025-12-17 16:03:06,19.31746549344897,46.71131946595603,991.1009607720164,2.5729266714351864,NORMAL,2,N-2-486,7,IMPACT,2,RED
2025-12-17 16:03:07,19.70450647703075,42.52171958772505,990.326521210139,1.01350136236401,FRAGILE,3,F-3-902,9,IMPACT,0,GREEN
2025-12-17 16:03:08,19.4092265646591,50.3722909480846,978.8715832468056,1.0099308483317435,FRAGILE,3,F-3-685,9,IMPACT,0,GREEN
2025-12-17 16:03:09,19.63656277495284,51.08064795963977,994.1937743551877,1.0138357255038182,NORMAL,3,N-3-538,15,IMPACT,0,GREEN
2025-12-17 16:03:10,19.736060132483267,46.89364550930546,995.178243081314,1.0132489998155507,FRAGILE,4,F-4-594,11,IMPACT,0,GREEN
2025-12-17 16:03:11,19.56850320160956,47.49209658720553,1002.7239447741558,1.0067708564377935,FRAGILE,3,F-3-652,6,IMPACT,0,GREEN
2025-12-17 16:03:12,19.275576178025304,46.49227577261808,985.8073725745242,1.0079786296830215,NORMAL,3,N-3-502,12,IMPACT,0,GREEN
2025-12-17 16:03:13,19.36226817502353,48.765307102954985,984.8377056620752,1.0128726114898392,NORMAL,4,N-4-513,14,IMPACT,0,GREEN
2025-12-17 16:03:14,19.69841167003277,50.24986509060648,1000.6077010782118,1.0018621623085686,FRAGILE,2,F-2-934,4,IMPACT,0,GREEN
2025-12-17 16:03:15,19.47463159715358,44.51445605223792,1005.0538405698164,1.009551632920505,FRAGILE,3,F-3-877,9,IMPACT,0,GREEN
2025-12-17 16:03:16,19.511936030241326,48.8188770612845,984.4307811910568,1.005707506395126,NORMAL,2,N-2-659,7,IMPACT,0,GREEN
2025-12-17 16:03:17,19.61382366242454,47.44665645656171,1005.652112690398,1.0085703385956994,FRAGILE,3,F-3-199,9,IMPACT,0,GREEN
2025-12-17 16:03:18,19.604448429312047,48.22678878393338,997.3003347318946,1.0091035397329124,NORMAL,4,N-4-512,14,IMPACT,0,GREEN
2025-12-17 16:03:19,19.54181997185782,48.91798800334858,1005.7344427125972,1.0089252668662776,FRAGILE,2,F-2-365,4,IMPACT,0,GREEN
2025-12-17 16:03:20,19.46869974431693,47.62359512245436,996.4382371078592,1.008343216243662,NORMAL,2,N-2-761,10,IMPACT,0,GREEN
2025-12-17 16:03:21,19.453099733140142,47.79282629318844,976.8217766600964,1.0067085690511135,NORMAL,4,N-4-990,17,IMPACT,0,GREEN
2025-12-17 16:03:22,19.6286848237937,47.57224966489072,995.7842609414716,1.016875733800456,NORMAL,3,N-3-513,12,IMPACT,0,GREEN
2025-12-17 16:03:23,19.583035429660168,49.940632403576565,1005.48115054937,4.012754055592877,FRAGILE,2,F-2-548,4,IMPACT,2,RED
2025-12-17 16:03:24,19.46140499990733,48.83751992025499,989.8500318473302,1.006513802539231,NORMAL,2,N-2-106,7,IMPACT,0,GREEN
2025-12-17 16:03:25,19.66231684694897,48.44116707547472,993.8962802487404,1.0147463502539107,NORMAL,2,N-2-182,7,IMPACT,0,GREEN
2025-12-17 16:03:26,19.48064488273053,45.45809655781544,995.5909319715922,1.0088016035285814,FRAGILE,2,F-2-172,4,IMPACT,0,GREEN
2025-12-17 16:03:27,19.37225067384984,47.24284051357369,973.8038889610522,1.0103875624199952,NORMAL,2,N-2-899,7,IMPACT,0,GREEN
2025-12-17 16:03:28,19.3861543951645,49.79733832067835,1010.3707806034998,1.0098101781203093,NORMAL,3,N-3-756,15,IMPACT,0,GREEN
2025-12-17 16:03:29,19.35318887455353,48.07539314624785,989.7889945608226,1.008020754076238,FRAGILE,3,F-3-153,6,IMPACT,0,GREEN
2025-12-17 16:03:30,19.459138497509446,49.31906293917827,1001.0458834597824,1.0129515570308183,FRAGILE,3,F-3-606,6,IMPACT,0,GREEN
2025-12-17 16:03:31,19.68505864175043,51.53302360065527,996.3063909108143,3.489362074618386,NORMAL,2,N-2-466,10,IMPACT,2,RED
2025-12-17 16:03:32,19.379235722845426,50.07721213841764,1007.0609524508748,1.0085703457303423,NORMAL,4,N-4-478,17,IMPACT,0,GREEN
2025-12-17 16:03:33,19.528271364152715,48.18631667539948,1000.2484489794248,1.0060862316685986,NORMAL,2,N-2-347,7,IMPACT,0,GREEN
2025-12-17 16:03:34,19.401496598155887,46.978021659608544,995.1206058278322,1.0073192149588426,NORMAL,2,N-2-140,7,IMPACT,0,GREEN
2025-12-17 16:03:35,19.460953643809283,42.8929008078882,989.8518792598458,1.0050758596531937,NORMAL,3,N-3-592,12,IMPACT,0,GREEN
2025-12-17 16:03:36,19.27349381820221,47.66323015505429,1003.3828056110572,3.2466803934688744,FRAGILE,4,F-4-250,11,IMPACT,2,RED
2025-12-17 16:03:37,19.46691926562652,47.34797500836631,982.012469568363,1.0064100032231469,NORMAL,4,N-4-146,14,IMPACT,0,GREEN
2025-12-17 16:03:38,19.47094419302925,48.78073238879075,1002.1671233622072,1.0092033184624445,FRAGILE,4,F-4-465,11,IMPACT,0,GREEN
2025-12-17 16:03:39,19.581043191605357,47.69218954605063,988.207641987561,1.0141103055608311,FRAGILE,2,F-2-901,4,IMPACT,0,GREEN
2025-12-17 16:03:40,19.533492136988304,47.35922988112641,1007.0182692956532,1.0135978987187648,NORMAL,4,N-4-929,14,IMPACT,0,GREEN
2025-12-17 16:03:41,19.32024118125719,44.44120213898556,998.2903963413016,1.009903169317692,NORMAL,3,N-3-627,12,IMPACT,0,GREEN
2025-12-17 16:03:42,19.662629736606533,46.120064341699866,1002.1529901428008,1.0097387458215703,FRAGILE,3,F-3-602,9,IMPACT,0,GREEN
2025-12-17 16:03:43,19.5315454560333,48.95330208160112,997.6559105105978,1.015639623648263,NORMAL,3,N-3-738,12,IMPACT,0,GREEN
2025-12-17 16:03:44,19.529759027576624,51.43181526226539,982.980983238872,1.011562268361076,NORMAL,4,N-4-418,14,IMPACT,0,GREEN
2025-12-17 16:03:45,19.498622646992228,47.804949232508754,990.1141666928372,1.0090165806203704,NORMAL,2,N-2-486,7,IMPACT,0,GREEN
2025-12-17 16:03:46,19.42233638291667,48.65562214714825,1002.379114700891,4.667352607076281,FRAGILE,3,F-3-987,9,IMPACT,2,RED
2025-12-17 16:03:47,19.53267035096231,49.90495631390561,998.3332465388788,1.0111816196544945,NORMAL,4,N-4-790,14,IMPACT,0,GREEN
2025-12-17 16:03:48,19.571338265389286,46.378212127599504,1006.4479192424452,1.0124879713177486,FRAGILE,3,F-3-172,9,IMPACT,0,GREEN
2025-12-17 16:03:49,19.237965646298168,48.73362808657088,1000.2261965042974,1.008105045426459,NORMAL,2,N-2-956,7,IMPACT,0,GREEN
2025-12-17 16:03:50,19.419185874398085,46.51901978733568,989.2663848743788,1.0108736082654142,FRAGILE,4,F-4-895,11,IMPACT,0,GREEN
2025-12-17 16:03:51,19.461757954439463,49.729648876982026,990.6314868982348,1.0089092801152548,NORMAL,2,N-2-748,10,IMPACT,0,GREEN
2025-12-17 16:03:52,19.538425590854143,48.30280609590346,997.8233391241858,1.009447902802403,NORMAL,3,N-3-952,12,IMPACT,0,GREEN
2025-12-17 16:03:53,19.67899665088907,48.59690362796288,978.4876474719993,1.0025365338273131,NORMAL,3,N-3-462,12,IMPACT,0,GREEN
2025-12-17 16:03:54,19.38423887781048,46.434802805162825,1010.387535084984,1.0093346557888516,NORMAL,4,N-4-779,14,IMPACT,0,GREEN
2025-12-17 16:03:55,19.425305722977324,49.41406471922157,1000.5339738910204,1.0129081079072242,NORMAL,3,N-3-648,12,IMPACT,0,GREEN
2025-12-17 16:03:56,19.423119883403015,52.16942584246203,1006.816276776391,1.0081057923333003,FRAGILE,4,F-4-965,8,IMPACT,0,GREEN
2025-12-17 16:03:57,19.37977086148432,45.98417660914359,984.3551684735266,1.010157579104646,FRAGILE,4,F-4-238,11,IMPACT,0,GREEN
2025-12-17 16:03:58,19.44792202573316,47.32048198470496,1006.956521282842,4.366858269495399,FRAGILE,3,F-3-871,6,IMPACT,2,RED
2025-12-17 16:03:59,19.615620332998198,48.46321494833619,1014.851991288222,1.0110813250288784,FRAGILE,3,F-3-672,9,IMPACT,0,GREEN
2025-12-17 16:04:00,19.34192467569535,49.57281242399164,986.4329731569816,1.0093504304073917,NORMAL,4,N-4-935,14,IMPACT,0,GREEN
2025-12-17 16:04:01,19.564172159272932,46.880907429421065,1003.17121435923,1.007182275377954,FRAGILE,4,F-4-102,11,IMPACT,0,GREEN
2025-12-17 16:04:02,19.24471466549725,42.33393941971452,997.0088795574984,1.0139976544029954,FRAGILE,3,F-3-220,6,IMPACT,0,GREEN
2025-12-17 16:04:03,19.41579930053367,50.71837898832805,984.644529214014,1.0127867960405967,NORMAL,2,N-2-440,10,IMPACT,0,GREEN
2025-12-17 16:04:04,19.450576604967303,49.521012239168286,1000.9430717748148,1.0081852797082156,FRAGILE,2,F-2-813,4,IMPACT,0,GREEN
2025-12-17 16:04:05,19.75122895093711,44.51410493902667,1003.6688256386988,1.0114933649282534,NORMAL,2,N-2-720,7,IMPACT,0,GREEN
2025-12-17 16:04:06,19.458779654287092,46.78486241644089,992.1909875786492,4.644413870931105,NORMAL,4,N-4-902,14,IMPACT,2,RED
2025-12-17 16:04:07,19.169813478982363,51.13636485905465,1006.3273321620418,1.0119269037050336,FRAGILE,2,F-2-239,4,IMPACT,0,GREEN
2025-12-17 16:04:08,19.20016666397081,50.89559283691573,983.6658927456864,1.0049172323120148,NORMAL,4,N-4-634,14,IMPACT,0,GREEN
2025-12-17 16:04:09,19.505104437952003,49.87728004535789,985.0419508284028,1.013019819623098,NORMAL,2,N-2-418,7,IMPACT,0,GREEN
2025-12-17 16:04:10,19.592065628368488,47.64777513208028,998.09277916471,1.0082909031112228,NORMAL,3,N-3-252,12,IMPACT,0,GREEN
2025-12-17 16:04:11,19.55631837864409,48.16597483762502,997.2030822237782,1.008926516199676,NORMAL,2,N-2-643,7,IMPACT,0,GREEN
2025-12-17 16:04:12,19.525135515870147,47.73814838974775,991.2674120926072,1.0179136452567803,NORMAL,4,N-4-647,17,IMPACT,0,GREEN
2025-12-17 16:04:13,19.67433893962585,50.25647956653768,1003.4767554877752,1.0109056201421631,FRAGILE,3,F-3-461,9,IMPACT,0,GREEN
2025-12-17 16:04:14,19.41906131688943,46.24831518700978,1001.2471545137277,1.0088410325736583,NORMAL,3,N-3-196,15,IMPACT,0,GREEN
2025-12-17 16:04:15,19.634236583404025,46.38840069023159,1003.865112567472,1.0033841168817323,FRAGILE,2,F-2-236,4,IMPACT,0,GREEN
2025-12-17 16:04:16,19.25519776724604,50.02054917367203,996.014908517182,3.7374569867811527,FRAGILE,3,F-3-646,9,IMPACT,2,RED
2025-12-17 16:04:17,19.36425782505929,47.91127708897688,1001.8206421438268,1.0059643709875743,FRAGILE,4,F-4-729,11,IMPACT,0,GREEN
2025-12-17 16:04:18,19.228943790760223,50.756934710907615,993.43479757576,1.0069896832895016,NORMAL,2,N-2-564,7,IMPACT,0,GREEN
2025-12-17 16:04:19,19.458773204899533,46.65697558603891,1013.4305495206928,1.0090059431027365,NORMAL,4,N-4-513,14,IMPACT,0,GREEN
2025-12-17 16:04:20,19.493060817410047,47.89044327932235,990.499633839024,1.014249235375101,FRAGILE,2,F-2-556,4,IMPACT,0,GREEN
2025-12-17 16:04:21,19.51711522383398,46.1551740303121,1013.8423794356664,1.0123197199599974,NORMAL,2,N-2-698,7,IMPACT,0,GREEN
2025-12-17 16:04:22,19.509282502933072,48.01472536284714,997.2791035767152,1.0095264874704792,NORMAL,2,N-2-471,7,IMPACT,0,GREEN
2025-12-17 16:04:23,19.36086700037824,45.0429061260024,985.99591288345,1.0109248761909164,NORMAL,4,N-4-144,14,IMPACT,0,GREEN
2025-12-17 16:04:24,19.471463873338017,47.02473315809007,1007.9446348039088,2.8273281303169435,NORMAL,2,N-2-696,7,IMPACT,2,RED
2025-12-17 16:04:25,19.275382999709137,45.12749227014376,998.0072111071596,1.010418961068696,FRAGILE,3,F-3-719,9,IMPACT,0,GREEN
2025-12-17 16:04:26,19.70448434626984,49.38784646638251,1003.808992787042,1.0102200102343344,FRAGILE,3,F-3-857,9,IMPACT,0,GREEN
2025-12-17 16:04:27,19.4544560890653,49.4331786795193,1006.7908473483408,4.240553590303181,NORMAL,2,N-2-737,7,IMPACT,2,RED
2025-12-17 16:04:28,19.42666708214345,44.53947453903131,999.7036444331602,1.012901534367317,NORMAL,4,N-4-598,14,IMPACT,0,GREEN
2025-12-17 16:04:29,19.73834104926661,50.66777149100115,992.2620732414974,3.015184449842938,FRAGILE,3,F-3-214,6,IMPACT,2,RED
2025-12-17 16:04:30,19.313663019967617,52.994830252839705,1004.805707021354,1.0089129573273616,FRAGILE,3,F-3-639,9,IMPACT,0,GREEN
2025-12-17 16:04:31,19.331161932895206,48.09201277347268,997.0060440596368,1.0122254668831705,FRAGILE,4,F-4-346,11,IMPACT,0,GREEN
2025-12-17 16:04:32,19.335566951269715,46.71777147955071,1002.4868625488674,1.0097240946013908,NORMAL,4,N-4-246,14,IMPACT,0,GREEN
2025-12-17 16:04:33,19.48981929274508,53.648661182006094,979.7701554096684,1.0067542568938606,FRAGILE,3,F-3-511,9,IMPACT,0,GREEN
2025-12-17 16:04:34,19.56474474444564,45.36206300339498,1000.5758537360788,1.008790136624267,NORMAL,4,N-4-274,14,IMPACT,0,GREEN
2025-12-17 16:04:35,19.61095132021768,48.0402129337382,991.8913133988398,1.010253580951353,NORMAL,2,N-2-118,7,IMPACT,0,GREEN
2025-12-17 16:04:36,19.88579929762425,48.35924454526385,1010.2264770974282,3.603074172729292,NORMAL,4,N-4-274,14,IMPACT,2,RED
2025-12-17 16:04:37,19.16258513186989,50.69029524090483,1001.9846987831128,1.0094494154835283,FRAGILE,3,F-3-453,9,IMPACT,0,GREEN
2025-12-17 16:04:38,19.59131033836866,48.71947795025358,998.9188619667945,1.0063724038662811,NORMAL,4,N-4-996,14,IMPACT,0,GREEN
2025-12-17 16:04:39,19.416430414114167,47.0027322084231,1000.8904799468016,1.0101702250498903,FRAGILE,3,F-3-338,6,IMPACT,0,GREEN
2025-12-17 16:04:40,19.41203772766668,46.09763125922409,989.0124731769864,1.0103403681201697,NORMAL,2,N-2-344,7,IMPACT,0,GREEN
2025-12-17 16:04:41,19.40703418076192,47.31635635950773,1009.9860535242244,1.0105575128867084,NORMAL,2,N-2-739,7,IMPACT,0,GREEN
2025-12-17 16:04:42,19.363684549378803,45.98614527810971,1012.9309633473353,1.0127596145478632,FRAGILE,3,F-3-368,9,IMPACT,0,GREEN
2025-12-17 16:04:43,19.75267872519052,48.09565063956936,1000.1433080843856,2.662501972372221,NORMAL,2,N-2-550,7,IMPACT,2,RED
2025-12-17 16:04:44,19.62634459905209,46.871607640279024,1009.7232285485892,1.008217367382855,NORMAL,4,N-4-202,17,IMPACT,0,GREEN
2025-12-17 16:04:45,19.503479396783607,45.0119244134205,992.4468144106196,1.0081515696258532,NORMAL,2,N-2-673,7,IMPACT,0,GREEN
2025-12-17 16:04:46,19.70265236287305,50.51029157674981,990.6230914702002,1.0068794038671336,NORMAL,2,N-2-350,10,IMPACT,0,GREEN
2025-12-17 16:04:47,19.27312065520517,47.00465495314192,997.3273979898314,1.0120964470108411,NORMAL,2,N-2-640,7,IMPACT,0,GREEN
2025-12-17 16:04:48,19.300394230300363,45.46372639004937,1000.4795283069432,1.0143464603250132,FRAGILE,2,F-2-893,4,IMPACT,0,GREEN
2025-12-17 16:04:49,19.1733048401708,47.66348173102492,993.848106550055,1.009054754216273,NORMAL,2,N-2-172,7,IMPACT,0,GREEN
2025-12-17 16:04:50,19.39508781898151,48.13674313193532,1001.302145522948,1.009275708305825,NORMAL,2,N-2-697,7,IMPACT,0,GREEN
2025-12-17 16:04:51,19.524254779005712,44.507066548841934,999.4511158565872,4.563271006057456,NORMAL,2,N-2-729,7,IMPACT,2,RED
2025-12-17 16:04:52,19.51542878668985,48.66329533425152,989.0135457976716,2.814851602618752,NORMAL,2,N-2-512,7,IMPACT,2,RED
2025-12-17 16:04:53,19.522401286658983,45.905684862619474,1001.1503441396138,1.0113087071144031,NORMAL,4,N-4-528,17,IMPACT,0,GREEN
2025-12-17 16:04:54,19.288341475340086,51.42205761838157,1003.9082259401722,1.0064272504820788,NORMAL,4,N-4-792,14,IMPACT,0,GREEN
2025-12-17 16:04:55,19.620473211392103,49.04792102415347,998.3717545407231,1.0120361842078385,FRAGILE,3,F-3-331,9,IMPACT,0,GREEN
2025-12-17 16:04:56,19.53594412773585,47.20020001978137,1006.2211848260936,4.757743767623275,NORMAL,3,N-3-659,12,IMPACT,2,RED
2025-12-17 16:04:57,19.6099581422199,46.5096644593653,987.2607696520244,1.006597939442195,FRAGILE,3,F-3-633,6,IMPACT,0,GREEN
2025-12-17 16:04:58,19.21608567336149,47.79006458487275,1000.7436033770548,1.0089596852696998,FRAGILE,3,F-3-284,9,IMPACT,0,GREEN
2025-12-17 16:04:59,19.54672362881967,49.22558148316658,987.6377543488258,1.008242621829654,FRAGILE,4,F-4-924,8,IMPACT,0,GREEN
2025-12-17 20:00:00,29.837791514412874,81.73058664398862,997.7562205407078,1.0135032257765832,NORMAL,1,N-1-933,5,COMBINED_FAULT,2,RED
2025-12-17 20:00:01,31.66815092883201,82.46007140283449,1011.4487129426956,1.0076748651109513,FRAGILE,1,F-1-434,2,COMBINED_FAULT,2,RED
2025-12-17 20:00:02,31.027935127066453,90.32110067426206,1018.33524177856,1.0074365196117858,FRAGILE,1,F-1-832,2,COMBINED_FAULT,2,RED
2025-12-17 20:00:03,32.103013988878686,80.79047437933404,997.77724629669,1.0087908023958898,NORMAL,3,N-3-793,12,COMBINED_FAULT,2,RED
2025-12-17 20:00:04,29.545672134301512,84.09869858629047,1005.9334502005402,1.0108167101759822,NORMAL,2,N-2-158,7,COMBINED_FAULT,2,RED
2025-12-17 20:00:05,32.01914969177139,79.02263678207014,998.8567571034284,1.0098281887675338,NORMAL,3,N-3-606,12,COMBINED_FAULT,2,RED
2025-12-17 20:00:06,29.710043660328044,81.48613610792543,1000.9910655581456,1.0116442007741215,FRAGILE,3,F-3-718,9,COMBINED_FAULT,2,RED
2025-12-17 20:00:07,32.20737762385484,88.33628420874767,994.262810790982,1.005981531900414,NORMAL,3,N-3-997,12,COMBINED_FAULT,2,RED
2025-12-17 20:00:08,29.967214878836813,69.38003590937183,998.5606154033808,1.007772840888708,FRAGILE,2,F-2-447,4,COMBINED_FAULT,2,RED
2025-12-17 20:00:09,31.06084706070641,82.0680812878584,1001.2998296368514,1.0096520087830354,FRAGILE,3,F-3-416,9,COMBINED_FAULT,2,RED
2025-12-17 20:00:10,32.21266854646478,90.67793365038683,992.3723221689894,1.0156936618779762,NORMAL,3,N-3-235,15,COMBINED_FAULT,2,RED
2025-12-17 20:00:11,29.709858557128197,81.41017109604671,996.380045600856,1.0096585623847587,FRAGILE,1,F-1-968,2,COMBINED_FAULT,2,RED
2025-12-17 20:00:12,30.32758348131626,88.25286481616423,996.53255904802,1.0132556667909849,NORMAL,1,N-1-579,5,COMBINED_FAULT,2,RED
2025-12-17 20:00:13,31.93329513780945,76.85393925235279,1003.6112265386442,1.010115665506353,FRAGILE,2,F-2-454,4,COMBINED_FAULT,2,RED
2025-12-17 20:00:14,29.800495254104906,79.83976252918143,988.4717426269784,1.008549024087687,NORMAL,1,N-1-143,5,COMBINED_FAULT,2,RED
2025-12-17 20:00:15,28.01866157624076,80.16762351194294,996.5876623311387,1.009259826727657,NORMAL,1,N-1-191,5,COMBINED_FAULT,2,RED
2025-12-17 20:00:16,33.21451058187736,68.91204460320614,1012.2960437524216,1.0094947408639134,NORMAL,1,N-1-541,5,COMBINED_FAULT,2,RED
2025-12-17 20:00:17,29.29535330349429,74.159110860749,1006.3124812206876,1.0118109372168822,NORMAL,1,N-1-998,5,COMBINED_FAULT,2,RED
2025-12-17 20:00:18,30.238134076406315,74.51562460308007,1007.7934323911096,1.0141238338027296,FRAGILE,1,F-1-903,2,COMBINED_FAULT,2,RED
2025-12-17 20:00:19,31.73401000417669,84.11033039016263,997.1954547214244,1.011079042543059,NORMAL,2,N-2-569,7,COMBINED_FAULT,2,RED
2025-12-17 20:00:20,29.0872591444032,84.36076552842027,999.5679805094882,1.0135612330362254,NORMAL,2,N-2-781,10,COMBINED_FAULT,2,RED
2025-12-17 20:00:21,28.488198130166804,81.62018221353267,1005.0178893336234,1.007105630787111,FRAGILE,1,F-1-153,2,COMBINED_FAULT,2,RED
2025-12-17 20:00:22,30.380605945162248,84.12051448427853,1009.4820442362476,1.008756108473558,NORMAL,3,N-3-336,12,COMBINED_FAULT,2,RED
2025-12-17 20:00:23,27.310385403131416,79.17925293639114,981.3871766969368,1.0078270923973771,FRAGILE,3,F-3-833,9,COMBINED_FAULT,1,YELLOW
2025-12-17 20:00:24,29.56814088469812,86.00965834769772,986.4764695436012,1.0109433337726246,NORMAL,2,N-2-306,7,COMBINED_FAULT,2,RED
2025-12-17 20:00:25,30.36755799647311,80.04394221316036,1007.4755528112212,1.0089231248444617,FRAGILE,1,F-1-277,2,COMBINED_FAULT,2,RED
2025-12-17 20:00:26,29.595072154762253,80.28932023713378,994.7848851538496,1.0121893188111026,FRAGILE,3,F-3-757,9,COMBINED_FAULT,2,RED
2025-12-17 20:00:27,27.68482358522138,78.67203683368794,991.6262336859354,1.0072069948651028,FRAGILE,2,F-2-483,4,COMBINED_FAULT,1,YELLOW
2025-12-17 20:00:28,32.39126693430602,83.42225238818214,986.9667121040352,1.0101290929199638,NORMAL,2,N-2-338,7,COMBINED_FAULT,2,RED
2025-12-17 20:00:29,30.155307230923764,77.89400591693544,992.5598663876472,1.0120605737330368,FRAGILE,3,F-3-321,6,COMBINED_FAULT,2,RED
2025-12-17 20:00:30,32.14672817664261,84.88215688599034,985.7810457326094,1.0038040916748785,NORMAL,1,N-1-784,5,COMBINED_FAULT,2,RED
2025-12-17 20:00:31,29.60994562472933,74.33925429641997,1013.7287541818598,1.0163648939219907,FRAGILE,1,F-1-880,2,COMBINED_FAULT,2,RED
2025-12-17 20:00:32,28.67998202746385,74.50541872635903,996.8205115841554,1.0091505443453603,FRAGILE,3,F-3-889,9,COMBINED_FAULT,2,RED
2025-12-17 20:00:33,30.40377138038274,83.43713377563252,996.5363956658982,1.0039248802589715,NORMAL,2,N-2-306,7,COMBINED_FAULT,2,RED
2025-12-17 20:00:34,29.676319310507672,79.55727892708494,1001.7046134013426,1.0104742816957304,FRAGILE,3,F-3-439,6,COMBINED_FAULT,2,RED
2025-12-17 20:00:35,28.23335781301296,77.73054291923435,1004.6987613541326,1.0101003304039196,NORMAL,2,N-2-303,7,COMBINED_FAULT,2,RED
2025-12-17 20:00:36,32.20467638818124,84.4502886623773,1004.5671052524372,1.0097543168612826,NORMAL,1,N-1-868,5,COMBINED_FAULT,2,RED
2025-12-17 20:00:37,29.066594665659007,76.96369292956958,1005.5889755512604,1.01297357333878,NORMAL,1,N-1-169,5,COMBINED_FAULT,2,RED
2025-12-17 20:00:38,27.23960042280665,78.99899372849815,991.9532355936732,1.0122423349142813,FRAGILE,1,F-1-774,2,COMBINED_FAULT,1,YELLOW
2025-12-17 20:00:39,31.992249080936,86.9961397503558,994.617065560345,1.0108936285730716,FRAGILE,3,F-3-219,9,COMBINED_FAULT,2,RED
2025-12-17 20:00:40,29.243552976281062,87.69571172905326,1003.1522532435382,1.01135046690184,NORMAL,2,N-2-316,7,COMBINED_FAULT,2,RED
2025-12-17 20:00:41,29.08826416107656,87.86199105135164,992.780887506883,1.0096869246516855,FRAGILE,2,F-2-843,4,COMBINED_FAULT,2,RED
2025-12-17 20:00:42,27.35191861945504,78.58937111533044,996.9591469437822,1.0153264725477202,FRAGILE,3,F-3-203,6,COMBINED_FAULT,1,YELLOW
2025-12-17 20:00:43,32.611412229895485,86.15351452492236,1000.1901101153984,1.005562411944927,FRAGILE,1,F-1-357,2,COMBINED_FAULT,2,RED
2025-12-17 20:00:44,28.065779119185468,75.2552358611566,1003.281480658483,1.0104189550226477,FRAGILE,3,F-3-992,9,COMBINED_FAULT,2,RED
2025-12-17 20:00:45,30.087674221058474,75.4654856263897,982.7785523010384,1.0101950738935663,NORMAL,2,N-2-375,10,COMBINED_FAULT,2,RED
2025-12-17 20:00:46,31.36893048381066,68.2477207368782,1002.7179651991116,1.012439841218194,FRAGILE,3,F-3-190,6,COMBINED_FAULT,2,RED
2025-12-17 20:00:47,30.632575399504645,88.36434100949265,995.1302075371862,1.0074684383677253,FRAGILE,1,F-1-464,2,COMBINED_FAULT,2,RED
2025-12-17 20:00:48,29.91051853201171,75.68010075461962,1002.659661686915,1.0047689821928103,NORMAL,3,N-3-754,12,COMBINED_FAULT,2,RED
2025-12-17 20:00:49,27.44750121256888,79.3673371012647,1003.2154535388386,1.0104704690482946,NORMAL,1,N-1-902,5,COMBINED_FAULT,1,YELLOW
2025-12-17 20:00:50,28.785412746349078,75.44837829035858,1009.8633204889531,1.010843691476656,NORMAL,3,N-3-598,12,COMBINED_FAULT,2,RED
2025-12-17 20:00:51,30.281700507063785,83.47582624165071,1007.8276291809696,1.014468798228343,NORMAL,2,N-2-607,7,COMBINED_FAULT,2,RED
2025-12-17 20:00:52,28.819238895019502,78.1218316964133,1007.7725733008824,1.0061889138610247,NORMAL,1,N-1-265,5,COMBINED_FAULT,2,RED
2025-12-17 20:00:53,30.30503918999815,73.47591554783526,1008.54936255333,1.01346408130015,FRAGILE,3,F-3-213,9,COMBINED_FAULT,2,RED
2025-12-17 20:00:54,31.022615113222717,82.2083128209303,999.3310318785276,1.0171022430920813,FRAGILE,1,F-1-794,2,COMBINED_FAULT,2,RED
2025-12-17 20:00:55,31.44375432870015,72.83134987594886,997.2574806962948,1.0088667053374325,FRAGILE,3,F-3-541,9,COMBINED_FAULT,2,RED
2025-12-17 20:00:56,28.160730963280976,75.81297137342254,1003.9825366654268,1.0061271733415202,FRAGILE,3,F-3-808,6,COMBINED_FAULT,2,RED
2025-12-17 20:00:57,33.294969082468434,69.4655544268696,1002.8566476114642,1.00877907690088,NORMAL,1,N-1-438,5,COMBINED_FAULT,2,RED
2025-12-17 20:00:58,31.151219016831195,72.88020943901196,994.527470106094,1.010042014902114,NORMAL,1,N-1-640,5,COMBINED_FAULT,2,RED
2025-12-17 20:00:59,29.997428769496405,80.89264584860238,1000.2385872704662,1.0116913636250209,FRAGILE,3,F-3-549,9,COMBINED_FAULT,2,RED
2025-12-17 20:01:00,31.63430487461496,70.17731980948538,996.7192282657232,2.1868061496971323,NORMAL,2,N-2-764,10,COMBINED_FAULT,2,RED
2025-12-17 20:01:01,33.54811165799996,72.59427137689143,990.1685367323196,1.014665595602442,FRAGILE,3,F-3-750,9,COMBINED_FAULT,2,RED
2025-12-17 20:01:02,27.841919848414697,79.98815541933595,1007.3236859310108,1.0066564030549758,NORMAL,2,N-2-639,7,COMBINED_FAULT,1,YELLOW
2025-12-17 20:01:03,29.66210603626297,77.28196551953474,997.4415939402408,1.0047823845434816,FRAGILE,1,F-1-662,2,COMBINED_FAULT,2,RED
2025-12-17 20:01:04,26.432352510190007,89.96018317979654,1013.3896660615908,1.013320131272862,FRAGILE,1,F-1-857,2,COMBINED_FAULT,1,YELLOW
2025-12-17 20:01:05,30.28897729897204,89.16948273012187,983.9960618384014,1.0031761369063814,NORMAL,1,N-1-777,5,COMBINED_FAULT,2,RED
2025-12-17 20:01:06,30.54809136288771,75.66038768624423,992.545769817253,1.009387610693382,FRAGILE,1,F-1-387,2,COMBINED_FAULT,2,RED
2025-12-17 20:01:07,29.94125682683586,82.78568809201741,997.2611106935268,1.019353043387624,FRAGILE,3,F-3-254,9,COMBINED_FAULT,2,RED
2025-12-17 20:01:08,29.01819964350253,83.74641278439725,1006.0990487810312,1.00996386934112,FRAGILE,3,F-3-987,9,COMBINED_FAULT,2,RED
2025-12-17 20:01:09,26.925728225717517,77.01260570987799,1000.1957549808176,1.0066376970479112,FRAGILE,3,F-3-744,6,COMBINED_FAULT,1,YELLOW
2025-12-17 20:01:10,30.56030052511765,72.52229231750898,999.483782033446,1.0098278076086395,FRAGILE,3,F-3-610,9,COMBINED_FAULT,2,RED
2025-12-17 20:01:11,32.18315172587299,79.93850775345972,987.9818896595668,1.0098475976341414,FRAGILE,1,F-1-557,2,COMBINED_FAULT,2,RED
2025-12-17 20:01:12,29.11347231639985,79.13577162592945,987.7444688221642,1.010481949821059,NORMAL,2,N-2-163,10,COMBINED_FAULT,2,RED
2025-12-17 20:01:13,30.66008989353472,77.8211775151469,999.5800372823192,1.0119867889464789,FRAGILE,3,F-3-754,9,COMBINED_FAULT,2,RED
2025-12-17 20:01:14,27.64778352986993,82.21158434082243,986.0871520494532,1.0068826664948969,NORMAL,2,N-2-820,7,COMBINED_FAULT,1,YELLOW
2025-12-17 20:01:15,30.68581959553877,76.246351964972,992.7449779976854,2.5324726399728643,FRAGILE,1,F-1-533,2,COMBINED_FAULT,2,RED
2025-12-17 20:01:16,29.409926553383013,74.24001226210429,1001.0073386326868,2.9269304379722887,FRAGILE,2,F-2-474,4,COMBINED_FAULT,2,RED
2025-12-17 20:01:17,28.85637307409563,80.54541485174916,989.1414058217858,1.0121803821392057,FRAGILE,3,F-3-879,9,COMBINED_FAULT,2,RED
2025-12-17 20:01:18,28.859454538175804,81.92985046284439,1009.8428476988944,1.008115551800733,NORMAL,2,N-2-265,7,COMBINED_FAULT,2,RED
2025-12-17 20:01:19,29.409582626950485,74.11677528049974,1006.7914907539032,2.60609380857298,FRAGILE,3,F-3-189,9,COMBINED_FAULT,2,RED
2025-12-17 20:01:20,30.573649973538803,84.6404530549554,984.4286400132936,1.0092288427735607,FRAGILE,2,F-2-933,4,COMBINED_FAULT,2,RED
2025-12-17 20:01:21,28.031755198206724,71.1475943111196,989.541030054544,1.010832657540481,FRAGILE,1,F-1-933,2,COMBINED_FAULT,2,RED
2025-12-17 20:01:22,29.40432700264822,77.10943270642179,978.7137820440404,1.007200681768439,NORMAL,2,N-2-975,7,COMBINED_FAULT,2,RED
2025-12-17 20:01:23,29.93779233300128,78.70995731901195,990.739269099615,1.0070092051207935,NORMAL,3,N-3-107,15,COMBINED_FAULT,2,RED
2025-12-17 20:01:24,28.35144116320221,76.81888143674036,1003.1311078125792,1.0120646159193587,NORMAL,1,N-1-820,5,COMBINED_FAULT,2,RED
2025-12-17 20:01:25,32.694997802512525,77.17469763224403,993.6888404618012,1.0086691795093778,FRAGILE,3,F-3-929,6,COMBINED_FAULT,2,RED
2025-12-17 20:01:26,28.71975677990799,89.35537241154057,1000.6863779489278,1.007438530737487,NORMAL,3,N-3-144,12,COMBINED_FAULT,2,RED
2025-12-17 20:01:27,28.995844629549765,75.7455795548055,984.821325453746,1.0080704499739188,FRAGILE,3,F-3-254,6,COMBINED_FAULT,2,RED
2025-12-17 20:01:28,28.532538075266253,92.20610861235956,1003.3838020366552,1.0120968592151522,FRAGILE,1,F-1-355,2,COMBINED_FAULT,2,RED
2025-12-17 20:01:29,32.697720130707175,82.18563389865525,992.5591261765732,1.008112886416389,NORMAL,3,N-3-278,12,COMBINED_FAULT,2,RED
2025-12-17 20:01:30,30.82935784289922,80.46027568655995,997.0973574582632,1.0096470352051936,FRAGILE,1,F-1-850,2,COMBINED_FAULT,2,RED
2025-12-17 20:01:31,28.595111990634532,82.38120176693833,996.2570039888556,1.0100450832508614,FRAGILE,3,F-3-363,6,COMBINED_FAULT,2,RED
2025-12-17 20:01:32,31.659347338289955,92.64963874625975,986.8276118328616,1.004247953341969,FRAGILE,3,F-3-833,9,COMBINED_FAULT,2,RED
2025-12-17 20:01:33,30.30104804143332,75.03203498034276,987.7753253460818,1.0055866207838795,NORMAL,2,N-2-842,7,COMBINED_FAULT,2,RED
2025-12-17 20:01:34,30.385880131667253,74.39791040531806,1004.7423557520274,1.0110088336677427,FRAGILE,1,F-1-884,2,COMBINED_FAULT,2,RED
2025-12-17 20:01:35,29.48328418687132,76.22566901714039,1000.1919372600136,1.007788911916542,FRAGILE,2,F-2-593,4,COMBINED_FAULT,2,RED
2025-12-17 20:01:36,28.87587601956454,80.1607157348228,1005.4003923324274,1.0131701747338413,FRAGILE,3,F-3-170,9,COMBINED_FAULT,2,RED
2025-12-17 20:01:37,30.506649148581904,71.37114437593713,999.5972658840202,1.0129004213127517,NORMAL,2,N-2-375,10,COMBINED_FAULT,2,RED
2025-12-17 20:01:38,29.18236915500661,80.11169619659304,998.1439250784738,1.0121575059990664,NORMAL,2,N-2-663,7,COMBINED_FAULT,2,RED
2025-12-17 20:01:39,32.725133444362655,88.46773566706835,983.191915050666,1.0154593153619378,NORMAL,3,N-3-998,12,COMBINED_FAULT,2,RED
2025-12-17 20:01:40,28.096063342135345,80.75703695312389,994.8370664259106,1.0097507320167705,FRAGILE,1,F-1-907,2,COMBINED_FAULT,2,RED
2025-12-17 20:01:41,32.30423515928242,78.53657270512362,996.78092543677,1.0119466457777115,FRAGILE,3,F-3-209,9,COMBINED_FAULT,2,RED
2025-12-17 20:01:42,29.8330217268033,76.90919775658186,1012.6248575861806,1.0082467970702118,NORMAL,1,N-1-159,5,COMBINED_FAULT,2,RED
2025-12-17 20:01:43,30.448628601031658,84.49255852275782,1002.4956530567894,1.0173571097386065,NORMAL,2,N-2-148,7,COMBINED_FAULT,2,RED
2025-12-17 20:01:44,31.24973664994415,75.87083613380976,1009.2884894536762,1.015950900957308,NORMAL,1,N-1-135,5,COMBINED_FAULT,2,RED
2025-12-17 20:01:45,29.054626057493344,89.23197960299623,1001.7803016471578,1.0100356413035534,NORMAL,1,N-1-615,5,COMBINED_FAULT,2,RED
2025-12-17 20:01:46,31.296372577047958,89.66679873857179,991.309574184404,1.0111597586897156,FRAGILE,3,F-3-265,9,COMBINED_FAULT,2,RED
2025-12-17 20:01:47,25.938684216928237,81.28375399330893,997.9369937291988,1.0140778927980945,FRAGILE,3,F-3-475,6,COMBINED_FAULT,1,YELLOW
2025-12-17 20:01:48,28.92001570016709,79.94242455961677,998.889789170114,1.0095585814855577,NORMAL,3,N-3-130,15,COMBINED_FAULT,2,RED
2025-12-17 20:01:49,28.6139057889884,85.1532990412078,989.4867554418346,1.008030127787601,FRAGILE,3,F-3-401,9,COMBINED_FAULT,2,RED
2025-12-17 20:01:50,28.11974098144236,85.47399251113663,993.9249009872566,1.0126219692530207,NORMAL,2,N-2-585,10,COMBINED_FAULT,2,RED
2025-12-17 20:01:51,29.67756774288157,75.97004134470292,995.3538640505826,1.010235317738251,NORMAL,2,N-2-337,7,COMBINED_FAULT,2,RED
2025-12-17 20:01:52,30.57862495227254,77.36722433431649,1009.8449586605208,1.0105489833489358,NORMAL,3,N-3-927,15,COMBINED_FAULT,2,RED
2025-12-17 20:01:53,31.05398999774896,73.38826282658353,980.3540757968722,1.0074971859707962,FRAGILE,2,F-2-164,4,COMBINED_FAULT,2,RED
2025-12-17 20:01:54,30.361315135800613,82.04532469167029,1006.6465473657285,1.00484698355491,FRAGILE,3,F-3-589,6,COMBINED_FAULT,2,RED
2025-12-17 20:01:55,29.00145980265968,83.33313941728446,989.505638120325,1.0107084272296374,FRAGILE,1,F-1-280,2,COMBINED_FAULT,2,RED
2025-12-17 20:01:56,30.55352465673775,73.25037181069364,986.023366501843,1.0127148861244826,NORMAL,2,N-2-188,7,COMBINED_FAULT,2,RED
2025-12-17 20:01:57,30.186428542276275,77.7240054759192,1006.4395370403078,1.0093225797527718,NORMAL,2,N-2-498,7,COMBINED_FAULT,2,RED
2025-12-17 20:01:58,31.404084251904024,73.26373041209325,1002.855184553875,1.8896950843635787,NORMAL,2,N-2-930,7,COMBINED_FAULT,2,RED
2025-12-17 20:01:59,31.16540505439728,75.50600094878081,1007.0361496190496,1.0078882510237537,FRAGILE,3,F-3-948,9,COMBINED_FAULT,2,RED
2025-12-17 20:02:00,30.045714620880943,82.7550853011315,1003.4056155803646,1.0068358866351022,FRAGILE,1,F-1-317,2,COMBINED_FAULT,2,RED
2025-12-17 20:02:01,28.654120490758118,76.3325896666086,1013.4787600138992,1.0097983090784115,FRAGILE,3,F-3-944,9,COMBINED_FAULT,2,RED
2025-12-17 20:02:02,29.02057476625188,78.49587021983851,1001.4697906955558,1.009752222273946,NORMAL,1,N-1-527,5,COMBINED_FAULT,2,RED
2025-12-17 20:02:03,29.17531596054295,71.86344136026342,995.7481809910148,1.0123099061940055,FRAGILE,2,F-2-426,4,COMBINED_FAULT,2,RED
2025-12-17 20:02:04,29.527100499125616,80.93495104862332,999.7434110185708,1.007675111527808,FRAGILE,1,F-1-117,2,COMBINED_FAULT,2,RED
2025-12-17 20:02:05,30.40207564138463,79.77863340077676,1006.9477530267676,2.3528219681785605,FRAGILE,3,F-3-286,9,COMBINED_FAULT,2,RED
2025-12-17 20:02:06,31.072761585192087,76.35520374983419,990.764997397919,1.0159007508875249,FRAGILE,1,F-1-587,2,COMBINED_FAULT,2,RED
2025-12-17 20:02:07,29.923321960476933,79.05492851158763,991.7848913397488,1.009882567919095,FRAGILE,1,F-1-328,2,COMBINED_FAULT,2,RED
2025-12-17 20:02:08,30.02418718185071,80.90147440251722,994.5283198832168,1.0137491312605529,NORMAL,2,N-2-287,7,COMBINED_FAULT,2,RED
2025-12-17 20:02:09,30.214959457500004,75.92565925545328,980.1633376098772,1.0068305087881242,FRAGILE,2,F-2-409,4,COMBINED_FAULT,2,RED
2025-12-17 20:02:10,29.22614203030149,72.61868727999111,998.1046272673404,1.0132256646235458,FRAGILE,3,F-3-944,6,COMBINED_FAULT,2,RED
2025-12-17 20:02:11,28.611911613535565,89.02787216343407,981.9109703683918,1.0131418292256784,NORMAL,3,N-3-521,12,COMBINED_FAULT,2,RED
2025-12-17 20:02:12,27.366843154033937,76.83363647644863,997.4244745034608,1.0125903118405697,NORMAL,1,N-1-511,5,COMBINED_FAULT,1,YELLOW
2025-12-17 20:02:13,28.95727596288469,79.51619948406555,1003.922318049082,1.0099533107333891,NORMAL,3,N-3-837,12,COMBINED_FAULT,2,RED
2025-12-17 20:02:14,30.70971817990168,85.05419867510157,993.1849883148492,1.001137253176274,NORMAL,2,N-2-521,7,COMBINED_FAULT,2,RED
2025-12-17 20:02:15,28.94563284294065,97.64527593785242,1010.4169269614948,1.0080748185690436,FRAGILE,3,F-3-284,9,COMBINED_FAULT,2,RED
2025-12-17 20:02:16,29.64328944386109,73.77756775055568,985.315992804652,1.0081222519469462,NORMAL,2,N-2-710,7,COMBINED_FAULT,2,RED
2025-12-17 20:02:17,30.69964693111848,82.24913606863255,1006.5300854530548,1.0070652351858185,NORMAL,2,N-2-798,7,COMBINED_FAULT,2,RED
2025-12-17 20:02:18,30.781034244634004,76.46223857352948,1002.4010964512554,1.010366729013641,FRAGILE,1,F-1-448,2,COMBINED_FAULT,2,RED
2025-12-17 20:02:19,28.38070072175094,77.30604847711645,983.2717340135144,1.0087431096634365,NORMAL,3,N-3-407,12,COMBINED_FAULT,2,RED
2025-12-17 20:02:20,31.495589034680464,76.39893989496605,1018.6863543923242,1.007526163970705,NORMAL,1,N-1-386,5,COMBINED_FAULT,2,RED
2025-12-17 20:02:21,31.69102513403323,74.37172516099707,996.4900377159682,2.868988957812753,NORMAL,2,N-2-695,7,COMBINED_FAULT,2,RED
2025-12-17 20:02:22,28.30522521417216,79.7935431910767,989.980127822755,1.0078534610435443,FRAGILE,3,F-3-487,9,COMBINED_FAULT,2,RED
2025-12-17 20:02:23,28.76424469553827,72.62748656475883,985.743302441728,1.0133644976355498,FRAGILE,1,F-1-725,2,COMBINED_FAULT,2,RED
2025-12-17 20:02:24,31.78663602471929,84.73403783255935,995.2398557787226,1.0080169248361175,FRAGILE,1,F-1-816,2,COMBINED_FAULT,2,RED
2025-12-17 20:02:25,29.77971971811705,80.27501468016688,995.9807450208804,1.0084551838807,NORMAL,1,N-1-580,5,COMBINED_FAULT,2,RED
2025-12-17 20:02:26,26.670333078822225,82.1121748645072,997.8211642283172,1.0086299071549305,NORMAL,1,N-1-372,5,COMBINED_FAULT,1,YELLOW
2025-12-17 20:02:27,27.90047774290097,77.66905694026889,994.6176307502084,1.0110169805414282,NORMAL,2,N-2-830,10,COMBINED_FAULT,1,YELLOW
2025-12-17 20:02:28,29.62594556224128,78.16398032894126,1002.0658024809208,1.0113687484655856,FRAGILE,1,F-1-427,2,COMBINED_FAULT,2,RED
2025-12-17 20:02:29,28.255436024573097,81.43781952583664,993.898961338694,1.0008660303822705,NORMAL,3,N-3-798,12,COMBINED_FAULT,2,RED
2025-12-17 20:02:30,29.379864344045338,74.17974683797087,981.5202870620762,1.0130649056414829,NORMAL,1,N-1-596,5,COMBINED_FAULT,2,RED
2025-12-17 20:02:31,30.048594320525368,78.21004782793332,995.8051080348029,1.0143091041027312,FRAGILE,1,F-1-986,2,COMBINED_FAULT,2,RED
2025-12-17 20:02:32,32.193381906052096,75.70193243060773,978.0601787730138,1.006849440387915,FRAGILE,2,F-2-610,4,COMBINED_FAULT,2,RED
2025-12-17 20:02:33,29.564319125658315,75.54715594704493,999.8301650471312,1.0070831052657956,FRAGILE,1,F-1-112,2,COMBINED_FAULT,2,RED
2025-12-17 20:02:34,31.608812699359135,69.4508087968718,989.1655981577388,1.008649239836665,NORMAL,2,N-2-193,7,COMBINED_FAULT,2,RED
2025-12-17 20:02:35,32.14314024305516,86.6966329474,998.3068828393264,1.0077319879416302,NORMAL,2,N-2-705,10,COMBINED_FAULT,2,RED
2025-12-17 20:02:36,32.15146450402811,76.56730623423115,1007.5125998521968,1.01067178062184,NORMAL,1,N-1-948,5,COMBINED_FAULT,2,RED
2025-12-17 20:02:37,30.427131890078357,85.81688027581775,989.410010437856,1.0041604241409234,FRAGILE,3,F-3-300,9,COMBINED_FAULT,2,RED
2025-12-17 20:02:38,27.05506627824154,85.34396160697146,1005.4900500680968,1.00664621717589,FRAGILE,2,F-2-664,4,COMBINED_FAULT,1,YELLOW
2025-12-17 20:02:39,30.6912372981058,73.57000146741753,993.5328834665108,1.014617591600525,FRAGILE,3,F-3-516,9,COMBINED_FAULT,2,RED
2025-12-17 20:02:40,31.57259983172031,74.55794382163577,1011.0255584165246,1.007215340097956,NORMAL,1,N-1-793,5,COMBINED_FAULT,2,RED
2025-12-17 20:02:41,29.878399341846876,92.80251479677842,994.0787790944142,1.0137302848343088,NORMAL,3,N-3-838,12,COMBINED_FAULT,2,RED
2025-12-17 20:02:42,32.61687580511287,88.75462970963572,990.2760561159464,1.0110660145867705,NORMAL,3,N-3-364,12,COMBINED_FAULT,2,RED
2025-12-17 20:02:43,31.289750342201188,79.84240743335948,1002.4979076031624,1.0045721968562351,NORMAL,3,N-3-336,12,COMBINED_FAULT,2,RED
2025-12-17 20:02:44,30.852410065729178,81.28686553208675,993.5136821630108,1.0119059875856486,FRAGILE,2,F-2-171,4,COMBINED_FAULT,2,RED
2025-12-17 20:02:45,31.62957106680876,76.84576798526406,990.268403886968,1.0096469980934215,NORMAL,3,N-3-420,12,COMBINED_FAULT,2,RED
2025-12-17 20:02:46,30.50005477689132,82.1617635710017,993.1772811943696,1.9133549109613044,FRAGILE,3,F-3-801,9,COMBINED_FAULT,2,RED
2025-12-17 20:02:47,26.26078425090697,76.41409049638764,996.643147742536,1.010734871279516,FRAGILE,3,F-3-782,9,COMBINED_FAULT,1,YELLOW
2025-12-17 20:02:48,29.25129157279445,69.83823117850808,1007.7374410499588,1.0114239004567005,FRAGILE,3,F-3-515,9,COMBINED_FAULT,2,RED
2025-12-17 20:02:49,31.79575204087178,73.39222106744475,981.5272980363234,1.012122775465924,NORMAL,2,N-2-952,7,COMBINED_FAULT,2,RED
2025-12-17 20:02:50,28.78861298985256,80.10546373925294,997.1846452716034,1.013534758542644,FRAGILE,3,F-3-441,6,COMBINED_FAULT,2,RED
2025-12-17 20:02:51,29.66479124214459,74.34466382248706,1001.9992287572323,2.986650854565052,NORMAL,2,N-2-592,7,COMBINED_FAULT,2,RED
2025-12-17 20:02:52,28.432745529145397,79.66361267543233,998.5475885999344,1.005873097733641,FRAGILE,3,F-3-332,9,COMBINED_FAULT,2,RED
2025-12-17 20:02:53,32.67588389280265,74.62669480283569,1007.4789213554684,1.0085790636270464,NORMAL,1,N-1-238,5,COMBINED_FAULT,2,RED
2025-12-17 20:02:54,32.522238686127025,76.08823038749003,996.4052373619318,1.0188291450058058,NORMAL,1,N-1-549,5,COMBINED_FAULT,2,RED
2025-12-17 20:02:55,28.674196657288903,84.26582653206596,995.5235884625124,1.0121734731811451,NORMAL,3,N-3-970,15,COMBINED_FAULT,2,RED
2025-12-17 20:02:56,30.220947000583624,81.23740273820053,1001.7386363761068,1.0171078619024343,FRAGILE,3,F-3-246,9,COMBINED_FAULT,2,RED
2025-12-17 20:02:57,28.97925892835393,79.95167789343327,997.7945105196108,1.0141863022465976,NORMAL,2,N-2-649,7,COMBINED_FAULT,2,RED
2025-12-17 20:02:58,30.922416958547068,84.39481986535326,993.8767300937562,1.010725406214667,FRAGILE,3,F-3-343,9,COMBINED_FAULT,2,RED
2025-12-17 20:02:59,30.764524615863493,82.40304296673673,1001.129152316691,1.010904221209343,NORMAL,2,N-2-398,7,COMBINED_FAULT,2,RED
2025-12-17 20:03:00,31.217558357419897,87.23281645625684,991.7797736542668,1.0098902598803694,NORMAL,2,N-2-669,7,COMBINED_FAULT,2,RED
2025-12-17 20:03:01,30.49787767156183,77.7007036884243,992.1105827838454,1.0047865861524603,FRAGILE,1,F-1-346,2,COMBINED_FAULT,2,RED
2025-12-17 20:03:02,34.4031093095827,77.85182510736246,992.7760478258753,1.0100541417574047,FRAGILE,2,F-2-351,4,COMBINED_FAULT,2,RED
2025-12-17 20:03:03,28.458114352483893,73.49445366804328,1007.8245532813312,1.0136320236576266,NORMAL,3,N-3-795,12,COMBINED_FAULT,2,RED
2025-12-17 20:03:04,27.434094968345228,77.8550964131379,971.2318691521144,1.0082010800155363,FRAGILE,3,F-3-309,9,COMBINED_FAULT,1,YELLOW
2025-12-17 20:03:05,29.41036469894781,84.82384947151223,1000.1647906781036,1.0112358589971857,FRAGILE,1,F-1-571,2,COMBINED_FAULT,2,RED
2025-12-17 20:03:06,27.6480176016596,86.49993686131067,997.2741745136018,1.0125547731376796,FRAGILE,2,F-2-591,4,COMBINED_FAULT,1,YELLOW
2025-12-17 20:03:07,27.76130659499101,84.80152584043334,983.553036326095,1.0072709586820623,NORMAL,3,N-3-283,15,COMBINED_FAULT,1,YELLOW
2025-12-17 20:03:08,28.49802801870305,71.02904066725281,999.477814233088,1.008646091406969,NORMAL,3,N-3-753,12,COMBINED_FAULT,2,RED
2025-12-17 20:03:09,28.61671664185256,85.41572606330367,1000.8060159346522,1.0069462655285686,NORMAL,1,N-1-901,5,COMBINED_FAULT,2,RED
2025-12-17 20:03:10,28.56807284707491,70.80740688363964,1001.7171138508592,1.0075335031799315,NORMAL,3,N-3-609,12,COMBINED_FAULT,2,RED
2025-12-17 20:03:11,30.77732842566812,84.49058662061174,975.7853754956404,1.0061371841490407,NORMAL,2,N-2-381,7,COMBINED_FAULT,2,RED
2025-12-17 20:03:12,29.240716408371995,78.16107736714473,1007.9311152948356,1.007298654615866,NORMAL,2,N-2-251,10,COMBINED_FAULT,2,RED
2025-12-17 20:03:13,29.73072813769128,83.51266656966928,991.0981063625212,1.0142583670423937,NORMAL,1,N-1-382,5,COMBINED_FAULT,2,RED
2025-12-17 20:03:14,31.341349161751403,73.33775826052717,1002.4925419740254,1.007253568912729,NORMAL,1,N-1-559,5,COMBINED_FAULT,2,RED
2025-12-17 20:03:15,28.85051621282786,85.85583816353073,1002.9285902454584,1.010379377657182,FRAGILE,1,F-1-381,2,COMBINED_FAULT,2,RED
2025-12-17 20:03:16,29.60318115194292,72.67512626947556,989.9864233150456,1.0084913937389872,NORMAL,3,N-3-450,12,COMBINED_FAULT,2,RED
2025-12-17 20:03:17,30.548639979139374,76.65772544573412,1002.2836796188124,1.0135365978111108,FRAGILE,2,F-2-570,4,COMBINED_FAULT,2,RED
2025-12-17 20:03:18,27.08764829906967,75.00952686115482,993.9160540727012,1.0139334868898109,NORMAL,3,N-3-467,12,COMBINED_FAULT,1,YELLOW
2025-12-17 20:03:19,26.42264173657413,71.2285757358875,980.4289825652947,1.0125922099464169,NORMAL,1,N-1-677,5,COMBINED_FAULT,1,YELLOW
